Hash,Sequence
05ffae7e8304f8eec6ba8d087502e140904c0147,ATTAGCCGGAAATCTAGCCCATGCTGGGGCTTCTGTAGATTTAGCTATCTTCTCCCTCCACCTAGCAGGTGTGTCATCCATTCTAGGGGCAATTAATTTCATCACCACAATTATCAATATGAAACCCCCAGCCTTATCTCAGTACCAAACCCCACTATTCGTTTGATCCGTAATAATTACAGCAGTCCTTCTTCTCCTATCACTGCCAGTCTTAGCAGCTGGCATCACAATGCTTCTAACAGACCGAAACCTAAATACAACATTTTTCGATCCTGCCGGAGGCGGGGACCCAATCCTATATCAACATCTCTTC
0b8781b3a4a5f16e962f18c2b6838aed6c558776,TTGTCAAGTGCAACAGCACATTCGGGAGGTTCTGTGGATTTAGCTATTTTTAGTTTGCATTTATCCGGTGCGTCTTCTATTTTAGGCGCAATCAATTTTATTTGTACAATCTTTAATATGCGAGTAAAAAGTTTATCTTTTCATAATTTACCATTATTCGTGTGATCTGTTTTAATTACTGCATTTTTATTATTGATATCGCTTCCGGTATTAGCAGGAGCAATTACAATGCTATTAACAGATAGAAATTTTAATACAACTTTTTTTGATCCTGCAGGAGGTGGTGATCCAGTTTTATTTCAACATCTTTTT
0c2b403ebcd2f1b1d140f586e63fa4eea8c500bb,GTTAAGAAGAAACATTGCCCATGGGGGTGCATCTGTAGATCTCGCTATTTTCTCACTACACTTAGCGGGTGTATCCTCTTTACTAGGAGCGGTTAACTTTATTAGCACCCTAAGAAATTTACGTGCCATAGGAATGTTAATAGACCGAATGCCCTTGTTTCCATGAGCGGTGCTTGTAACTGCCGTACTACTACTTCTATCTCTGCCAGTACTAGCTGGGGCTATCACAATGCTTCTAACAGATCGTAACTTTAACTCTTCTTTTTACGACCCTAGGGGAGGAGGGGACCCCTTACTCTACCAACATCTTTTC
0c420dce391fa608a5efa1e881f8aaf3d9d2f42a,ATTAGCAAGTATCGCTTTTCACTCAGGAGGAGCAGTTGACTGTGCAATTTTCGCTCTTCACGTTGCAGGAGCTTCTTCAATTCTTGGAGCAGTAAACTTTATTACGACTGTAATGAACATGCGAGCTCCAGGAATTAGCCTTCACCGAATGCCTCTATTCGTATGAAGTGTTTTTGTAACTGTTGTACTTCTTTTATTAGCTGTACCTGTACTTGCCGGAGCAATTACAATGCTATTAACAGACCGAAACTTTAACACAACTTTCTTTGACCCAGCAGGGGGAGGAGATCCTGTACTTTACCAGCACCTTTTC
0e5c4ba827f2373109b0bb0606c5147e5e4ed805,ATTAGCCGGAAACCTAGCTCACGCTGGAGCTTCTGTAGATTTAGCTATCTTCTCTCTCCACCTAGCGGGCGTATCATCCATCCTAGGGGCTATTAACTTCATTACCACCATTATTAATATAAAACCACCAGCCCTGTCTCAATATCAAACACCACTGTTCGTTTGATCCGTAATAATTACAGCAGTCCTCCTTCTCCTTTCACTACCAGTCTTAGCAGCTGGCATTACAATACTTCTAACAGACCGAAACCTGAATACAACATTTTTCGATCCTGCCGGAGGCGGGGACCCAATCCTATATCAACATCTTTTC
0e8016f8a215591469a0399cb498dd7dd54dbbf2,ATTAGCCGGAAACCTAGCTCACGCTGGAGCTTCTGTAGATTTAGCTATCTTCTCTCTCCACCTAGCGGGCGTATCATCCATCCTAGGGGCTATTAACTTCATTACCACCATTATTAATATAAAACCACCAGCCCTGTCTCAATATCAAACACCACTGTTCGTTTGATCCGTAATAATTACAGCAGTCCTCCTTCTCCTTTCACTACCAGTCTTAGCAGCTGGCATTACAATACTTCTAACAGACCGAAACCTGAACGCAACATTCTTTGACCCTGCAGGAGGTGGAGACCCAATCCTATATCAACATCTTTTC
11a963e210d20370b14e382ab9953d6fa7f17f4c,ATTAGCCGGAAACCTAGCTCACGCTGGAGCTTCTGTAGATTTAGCTATCTTCTCTCTCCACCTAGCGGGCGTATCATCCATCCTAGGGGCTATTAACTTCATTACCACCATTATTAATATAAAACCACCAGCCCTGTCTCAATATCAAACACCACTGTTCGTTTGATCCGTAATAATTACAGCAGTCCTCCTTCTCCTTTCACTACCAGTCTTAGCAGATGGCATTACAATACTTCTAACAGACCGAAACCTGAACACAACATTCTTTGACCCTGCAGGAGGTGGAGACCCAATCCTATATCAACATCTTTTC
11e24470e5bf6f3800bc33060c50a7e996225411,CTAGCAGGTAACCTCGCCCACGCTGGAGCCTCTGTTGACCTCGCCATCTTCTCTCTACACTTAGCCGGAGTATCTTCCATCCTCGGAGCAATTAACTTTATTACAACAGCAATCAACATAAAACCCCCAGCAATATCCCAATACCAAACACCACTATTTGTGTGATCCGTCCTAATTACAGCTGTACTTCTCCTACTATCCCTACCAGTACTAGCTGCTGGAATTACAATACTACTCACAGACCGCAACTTAAACACAACCTTCTTTGACCCCGCAGGGGGAGGAGATCCCATCCTATATCAACATCTTTTC
124483f3b56b9a9f3443c1e8c2e886c651f93570,ATTAGCCGGAAACCTAGCTCACGCTGGAGCTTCTGTAGATTTAGCTACCTTCTCTCTCCACCTAGCGGGCGTATCATCCATCCTAGGGGCTATTAACTTCATTACCACCATTATTAATATAAAACCACCAGCCCTGTCTCAATATCAAACACCACTGTTCGTTTGATCCGTAATAATTACAGCAGTCCTCCTTCTCCTTTCACTACCAGTCTTAGCAGCTGGCATTACAATACTTCTAACAGACCGAAACCTGAACACAACATTCTTTGACCCTGCAGGAGGTGGAGACCCAATCCTATATCAACATCTTTTC
12cde650253781802fa471a0eb6d800fc0074825,ATTAGCCGGAAACCTAGCTCACGCTGGAGCTTCTGTAGATTTAGCTATTTTCTCCCTCCACCTGGCAGGTGTATCATCCATTCTAGGAGCCATTAATTTTATTACTACAATTATTAACATGAAACCACCGGCCCTAACTCAATACCAAACCCCACTATTCGTATGATCCGTAATAATTACAGCAGTCCTCCTTCTCCTTTCACTACCAGTCTTAGCAGCTGGCATTACAATACTTCTAACAGACCGAAACCTGAACACAACATTCTTTGACCCTGCAGGAGGTGGAGACCCAATCCTATATCAACATCTTTTC
171c73329161cb409cb89b4118ccccbd59064806,ATTAGCCGGAAACCTAGCTCACGCTGGAGCTTCTGTAGATTTAGCTATCTTCTCTCTCCACCTAGCGGGCGTATCATCCATCCTAGGGGCTATTAACTTCATTACCACCATTATTAATATAAAACCACCAGCCCTGTCCCAATATCAAACACCACTGTTCGTTTGATCCGTAATAATTACAGCAGTCCTCCTTCTCCTTTCACTACCAGTCTTAGCAGCTGGCATTACAATACTTCTAACAGACCGAAACCTGAACACAACATTCTTTGACCCTGCAGGAGGTGGAGACCCAATCCTATATCAACATCTTTTC
18cc0f95c2a51af831ab456ce562c498c7693bc7,ATTATCAAGTACTGTAGGTCATCCAGGACCTTCGGTTGATTTTGCAATTTTTAGTTTACACATTGCTGGTGTATCTTCTATTACAGGAGCTATTAATTTTATTACAACTATTTTTAATATGCGTAGTTGTGGTTTTTCTATGAATAGAGCTCCTTTATATATTTGAGCTCTAAATATTACAGCATTTTTATTATTACTATCTTTACCTGTTTTTGCAGGAGCTATTACTATGCTTTTAACTGATCGTAATTTTAATACCTCTTTTTATGACCCAGCAGGTGGTGGTGATCCTGTTTTATACCAACATTTGTTT
19b1376935b89fc9062be74321db2ad6b1e12c8f,ATTAGCCGGAAACCTAGCTCACGCTGGAGCTTCTGTAGATTTAGCTATCTTCTCTCTCCACCTAGCGGGCGTATCATCCATCCTAGGGGCTATTAACTTCATTACCACCATTATTAATATAAAACCACCAGCCCTGTCTCAATATCAAACACCACTGTTCGTTTGATCCGTAATAATTACAGCAGTCCTCCTTCTCCTTTCACTACCAGTATTAGCAGCTGGCATTACAATACTTCTAACAGACCGAAACCTGAACACAACATTCTTTGACCCTGCAGGAGGTGGAGACCCAATCCTATATCAACATCTTTTC
19fdbb033428daa0667f3881e49bf30686397258,ATTAGCCGGAAACCTAGCTCACGCTGGAGCTTCTGTAGATTTAGCTATCTTCTCTCTCCACCTAGCGGGCGTATCATCCATCCTAGGGGCTATTAACTTCATTACCACCATTATTAATATAAAACCACCAGCCCTGTCTCAATATCAAACACCACTGTTCGTTTGATCCGTAATAATTACAGCAGTCCTCCTTCTCCTTTCACTACCAGTCTTAGCAGCTGGCATTACAATACTTCTAACAGACCGAAACCTGAGCACAACATTCTTTGACCCTGCAGGAGGTGGAGACCCAATCCTATATCAACATCTTTTC
1e27cb8c5087741ced8fc2ed99d6034dd231b380,AATGATTCTTCGGCCATCCTAGGGGCTATTAACTTCATTACCACCATTATTAATATAAAACCACCAGCCCTGTCTCAATATCAAACACCACTGTTCGTTTGATCCGTAATAATTACAGCAGTCCTCCTTCTCCTTTCACTACCAGTCTTAGCAGCTGGCATTACAATACTTCTAACAGACCGAAACCTGAACACAACATTCTTTGACCCTGCAGGAGGTGGAGACCCAATCCTATATCAACATCTTTTC
1e87ea3f21c36e79d77905f9e9f49c8c0759c361,ATTAGCCGGAAACCTAGCTCACGCTGGAGCTTCTGTAGATTTAGCTATCTTCTCTCTCCACCTAGCGGGCGTATCATCCATCCTAGGGGCTATTAACTTCATTACCACCATTATTAATATAAAACCACCAGCCCTGTCTCAATATCAAACACCACTGTTCGTTTGATCCGTAATAATTACAGCAGTCCTCCTTCTCCTTTCACTACCAGTCTTAGCAGCTGGCATTACGATACTTCTAACAGACCGAAACCTGAACACAACATTCTTTGACCCTGCAGGAGGTGGAGACCCAATCCTATATCAACATCTTTTC
20dcc1ae23281b83665f5b891e7105ee951d2856,ATTAGCCGGAAACCTAGCTCACGCTGGAGCTTCTGTAGATTTAGCTATCTTCTCTCTCCACCTAGCGGGCGTATCATCCATCCTAGGGGCTATTAACTTCATTACCACCATTATTAATATAAAACCACCAGCCCTGTCTCAATATCAAACACCACTGTTCGTTTGATCCGTAATAATTACAGCAGTCCTCCTTCTCCTTTCACTACCAGTCTTAGCAGCTGGCATTACAATACTTCTAACAGACCGAAACCTGAACACAACATTTTTCGATCCTGCCGGGGGCGGAGACCCAATCCTATATCAACATCTCTTC
220c1c8ec538ebd1a5a95133d4e130c9b89492ed,ATTAGCCGGAACAGGATGAACTGTATACCCCCCATTAGCCGGAAACCTAGCTCACGCTGGAGCTTCTGTAGATTTAGCTATCTTCTCTCTCCACCTAGCGGGCGTATCATCCATCCTAGGGGCTATTAACTTCATTACCACCATTATTAATATAAAACCACCAGCCCTGTCTCAATATCAAACACCACTGTTCGTTTGATCCGTAATAATTACAGCAGTCCTCCTTCTACTTTCACTACCAGTCTTAGCAGCTGGCATTACAATACTTCTAACAGACCGAAACCTGAACACAACATTCTTTGACCCTGCAGGAGGTGGAGACCCAATCCTATATCAACATCTTTTC
23ea8f91cabc66cdfd34c36bb2f881e1fa9ee904,TTTAAGTAGCATTTCTGGACATCCTAGTGGTGCAGTAGACTTAGGCATTTTTAGTTTACACATTGCAGGTATTTCTAGTATTTTAGGTGCTATTAATTTTATTACTACTATATTTAACTTAAAAAGTCCAGGAATAACAATGCATAGACTACCTTTATTTGTTTGGGCAGTACTAATTACTGCTTTTTATTACTTCTTTCATTACCTGTATTTGCTGGAGCTATTACAATGCTTTTAACTGATCGAAATTTTAATACTAGCTTTTTTGTTTCAGCAGGTGGCGGTGATCCTATACTTTATCAACATCTATTT
23efa7f713e50dbfc4f5054fa7c9d97d07c5cfaa,ATTAGCCGGAAATCTAGCCCATGCTGGGGCTTCTGTAGATTTAGCTATCTTCTCCCTCCACCTAGCAGGTGTGTCATCCATTCTAGGGGCAATTAATTTCATCACCACAATTATCAATATGAAACCCCCAGCCTTATCTCAGTACCAAACCCCACTATTCGTTTGATCCGTAATAATTACAGCAGTCCTTCTTCTCCTATCACTGCCAGTCTTAGCAGCTGGCATCACAATGCTTCTAACAGACCGAAACCTGAATACAACATTTTTCGATCCTGCCGGAGGCGGGGACCCAATCCTATATCAACATCTTTTC
256d7e57b2c53ba1259eed31a67cadf5325ea703,TCTAAGTCATATTACGAGCCACTCTGGTGGTGCAGTTGATTTAGCTATTTTCAGTTTACATTTATCTGGAGCGAGCAGTATTTTAGGGGCGATTAACTTTATTACCACTATCTTTAACATGCGTGGGCCTGGTCTGGGCTTCCATCGCTTACCTTTATTTGTGTGGTCTGTTCTGATTACGGCCTTCTTACTTCTTCTCCCTTTACCGGTTTTAGCGGGAGCGATTACGATGCTGTTAACGGATCGTAACTTCAATACCTCGTTCTTTGATCCGGCGGGCGGAGGTGACCCTATTTGTTCCAGCACCTTTTT
292b459fc0335fd6f301f0592b121e2d6b41bcbf,ATTATCTAGTGGTAATTCTCATTCAGGTCCTGCGGTAGATTTAGCTATTTTTAGTTTGCACTTATCAGGTGCAGCTTCAATTTTAGGTGCTATTAATTTTATTTGTACCATTTTTAACATGCGAGTAAAAAGTTTATCATTTCATAAACTTCCTTTATTTGTTTGGGCAGTTTTAATTACTGCATTTTTATTATTGTTATCTTTACCTGTTTTAGCTGGTGCGATTACTATGCTTTTAACAGATAGAAATTTTAACACAACTTTCTTTGATCCTGCTGGTAGAGGGGATCCTGTGTTATATCAACATCTTTTC
299eaa774290f8bbea6006efb94f3117f6e225c4,CAGCAGGAAATACCTCCCACAGAGGCCCCTCAGCAGACCTCGCCATCTTCTCCCTCCACCTCGCAGGGGTATCATCAATCCTGGGGTCCATTAATTTCATCACAACAGCCCGTAATATGCGCCCCAAAGGGTGTGCCGCAGAGCGTATCCCCCTATTTGTGTGATCCCTTGTAGTGACCACAATCCTCCTCCTCCTATCTCTCCCTGTTCTAGCCGGAGGAATTACCATACTTCTAACAAACCGAAACCTAAACACAAGATTTTTTGACCCAGCAGGAGGAGGTGACCCAGTCCTATACCAACACCTATTC
2a3444cb97249bf0f4743d9959de15e5ffa622dd,ATTAGCCGGAAACCTAGCTCACGCTGGAGCTTCTGTAGATTTAGCTATCTTCTCCCTCCACCTAGCAGGTGTGTCATCCATTCTAGGGGCAATTAATTTCATCACCACAATTATCAATATGAAACCCCCAGCCTTATCTCAGTACCAAACCCCACTATTCGTTTGATCCGTAATAATTACAGCAGTCCTTCTTCTCCTATCACTGCCAGTCTTAGCAGCTGGCATCACAATGCTTCTAACAGACCGAAACCTGAATACAACATTTTTCGATCCTGCCGGAGGCGGGGACCCAATCCTATATCAACATCTCTTC
2a4df076a3445b8bbc826a0ce233b6da27e2bd07,ATTAGCCGGAAACCTAGCTCACGCTGGAGCTTCTGTAGATTTAGCTATCTTCTCTCTCCACCTAGCGGGCGTATCATCCATCCTAGGGGCTATTAACTTCATTACCACCATTATTAATATAAAACCACCAGCCCTGTCTCAATATCAAACACCACTGTTCGTTTGATCCGTAATAATTACAGCAGTCCTCCTTCTCCTTTCACTACCAGTCTTAGCAGCTGGCATTACAATACTTCTAACAGACCGAAACCTGAACACAACATTCTTTGACCCTGCAGGAGGTGGAGACCCAACCCTATATCAACATCTTTTC
2aa30bb0c2c985be484c403518094fdb63b1a557,ATTAGCCGGAAACCTAGCTCACGCTGGAGCTTCTGTAGATTTAGCTATCTTCTCTCTCCACCTAGCGGGCGTATCATCCATCCTAGGGGCTATTAACTTCATTACCACCATTATTAATATAAAACCACCAGCCCTGTCTCAATATCAAACACCACTGTTCGTTTGATCCGTAATAATTACAGCAGTCCTCCTTCTCCTTTCACTACCAGTCTTAGCAGCTGGCATTACAATACTTCTAACAGACCGAAACCTGAACACAACATTCTTTGACCCTGCAGGAGGTGGAGACCCAATCCTATATCGACATCTTTTC
2b60a7fe6d0221aa8d95b1c185506b32834942f3,ATTGTCTGCATTAGGTGATGCATCACCAGGTTCTAAAACGGGTATGGACTTATGGATTATTGCAGTGGCTTTATTCGTTGTGTCTTCTTTATTAGGAGGCTTGAACTACATTGCTACTATTTTGAACATGCGTACAAAAGGTATGAGCATGACGCGTTTACCTTTAACTATTTGGGCATTGTTCTTTACAGCTGTTTTAGGTGTATTGTCATTCCCAGTATTACTTTCTGGTTTAATCTTATTAATTTTTGATAGAAACTTTGGTACTTCATTCTATCTATCTGATATTTTTGTAAATGGTGTAGGTGCTTTAGCAAATGAAGGTGGTAGCGCTATTTTATACCAACACTTATTC
2ca3b046c9e3a7b2f57de5efb892e5c2cd46a2ec,ATTAGCCGGAAACCTAGCTCACGCTGGAGCTTCTGTAGATTTAGCTATCTTCTCTCTCCACCTAGCGGGCGTATCATCCATCCTAGGGGCTATTAACTTCATTACCACCATTATTAATATAAAACCACCAGCCCTGTCTCAATATCAAACACCACTGTTCGTTTGATCCGTAATAATTACAGCAGTCCTCCTTCTCCTTTCACTACCAGTCTTAGCAGCTGGTATCACAATGCTTCTAACAGACCGAAACCTGAACACAACATTTTTCGATCCTGCCGGGGGCGGAGACCCAATCCTATATCAACATCTCTTC
2fe3921852da22a7ede108e02afbd11e96973021,ATTAGCCGGAAACCTAGCTCACGCTGGAGCTTCTGTAGATTTAGCTATCTTCTCTCTCCACCTAGCGGGCGTATCATCCATCCTAGGGGCTATTAACTTCATTACCACCATTATTAATATAAAACCACCAGCCCTGTCTCAATATCAAACACCACTGTTCGTTTGATCCGTAATAATTACAGCAGTCCTCCTTCTCCTTTCACTACCAGTCTTAGCAGCTGGCATTACAATACTTCTAACAGACCGAGACCTGAACACAACATTCTTTGACCCTGCAGGAGGTGGAGACCCAATCCTATATCAACATCTTTTC
3072b9711a6cd387d881ab8967d902429038216c,ATCAGCAAGTATTGCACTCCACTCAGGGGGTGCAGTTGATTGTGCAATTTTCGCTCTTCACGTTGCAGGAGCATCTTCAATTCTTGGAGCAGTGAACTTTATTACAACTGTAATGAACATGCGAGCTCCAGGAATTAGTCTTCACCGAATGCCTTTATTCGTATGAAGTGTTTTTGTAACTGTTGTACTTCTTTTATTAGCTGTACCTGTACTTGCAGGAGCAATTACGATGCTATTAACAGACCGAAACTTTAACACAACTTTCTTTGACCCTGCCGGGGGAGGAGATCCAGTTCTTTATCAGCACCTTTTC
314d99b8679e041aab41a5cf4c37b9b7dc8efe24,ATTAGCTGGAAATCTAGCCCACGCAGGAGCTTCAGTAGATTTAGCTATTTTCTCCCTCCACCTGGCAGGTGTGTCATCCATTCTAGGAGCTATTAATTTTATTACTACAATTATTAACATGAAACCACCGGCCCTAACTCAATACCAAACCCCACTATTCGTATGATCCGTAATAATTACAGCAGTCCTCCTTCTCCTTTCACTACCAGTCTTAGCAGCTGGCATTACAATACTTCTAACAGACCGAAACCTGAACACAACATTCTTTGACCCTGCAGGAGGTGGAGACCCAATCCTATATCAACATCTTTTC
31ba541452d7b8c87a861801bcd4bdc56768640d,ATTAGCTGGAAATCTGGCCCACGCTGGGGCTTCAGTAGATTTAGCTATCTTCTCTCTCCACCTAGCGGGCGTATCATCCATCCTAGGGGCTATTAACTTCATTACCACCATTATTAATATAAAACCACCAGCCCTGTCTCAATATCAAACACCACTGTTCGTTTGATCCGTAATAATTACAGCAGTCCTCCTTCTCCTTTCACTACCAGTCTTAGCAGCTGGCATTACAATACTTCTAACAGACCGAAACCTGAACACAACATTCTTTGACCCTGCAGGAGGTGGAGACCCAATCCTATATCAACATCTTTTC
32a2987e9190087377e0bb46d7c361a77ede95df,TTTAAGTAGTACGATGGCTCACCCTGGTGGTGCCGTAGATTTAGCGATCTTCAGTCTCCATGTTTCAGGTGCATCGTCGATCTTAGGTGCTGTAAATTTCATAACTACAATTTTTAATATGCGATGTCCAGGTATGACAATGCATAGGGTACCTTTATTTGTGTGGGCTGTTTTAATTACAGCTTTTCTTTTATTGTTGTCTTTACCTGTTTTGGCCGGTGCGATAACTATGTTACTTTGTGATCGTAATTTCAATACTACTTTCTTTGATCCTTCAGGAGGTGGTGATCCAGTTTTATACCAACACCTTTTC
35ab6ab88498db673819394fa998d0f4c818eea5,ATTAGCCGGAAACCTAGCTCACGCTGGAGCTTCTGTAGATTTAGCTATCTTCTCTCTCCACCTAGCGGGCGTATCATCCATCCTAGGGGCTATTAACTTCATTACCACCATTATTAATATAAAACCACCAGCCCTGTCTCAATATCAAACACCACTGTTCGTTTGATCCGTAATAATTACAGCAGTCCTTCTTCTCCTATCACTGCCAGTCTTAGCAGCTGGCATCACAATGCTTCTAACAGACCGAAACCTAAATACAACATTTTTCGATCCTGCCGGAGGCGGGGACCCAATCCTATATCAACATCTTTTC
3635184a8de188694a1717461c043d5e4379276f,ATTATCTAGTAATTTAGGTCATGCGGGTATCGCTGTAGACTGTGCTATATTTAGTTTACATTTAGCGGGTATTTCTTCAATAGCAGGTGCTATTAATTTTATTGTAACTATAACAAATATGAAAGCTCGTGGTATGGGGTTTTTAGATATGCCTCTATTTGTATGGTCTGTTTATATAACAGCATTTTTATTATTATTAACTTTACCTGTATTAGCTGGAGCATTAACTATGCTTCTAACAGATAGAAATTTAAATACTTCATTTTATGATCCATCAGGTGGGGGTGATCCTGTATTATATCAACATTTATTT
3811f8cba915fe2eb5294563a9105ca43ab89e57,ATTAGCAAGTATTGCATTCCACTCAGGAGGAGCAGTTGATCGTGCAATTTTCGCTCTTCACGTTGCAGGAGCTTCTTCTATTCTTGGAGCAGTAAACTTTATTACAACTGTAATGAACATGCGAGCTCCAGGAATTAGTCTTCACCGAATGCCTCTATTCGTATGAAGTGTTTTTGTAACTGTTGTACTTCTTCTATTAGCTGTACCTGTACTTGCAGGAGCAATTACGATGCTATTAACAGATCGAAACTTTAACACAACTTTCTTTGACCCAGCAGGGGGAGGAGATCCTGTACTTTATCAGCACCTTTTC
394805376ec1d99a9ffc0b8ce57ec07904cc634a,TTTAGCGAGTGTACAAGCACACTCAGGACCATCTATCGATTTAGCTATTTTCAGCTTACACTTAGCTGGAGCTTCTTCAATCTTAGGTGCTATTAACTTCATTACTACTATTATGAACATGCGGGCTCCCGGTATGACTATGCACCGATTACCCTTATTCGTTTGGGCTGTTCTTATCACTGCAATCCTATTGTTACTATCATTACCTGTATTAGCAGGAGCAATTACTATGCTACTAACCGATAGAAACTTCAATACCACATTCTTCGATCCTGCAGGTGGTGGTGATCCTATTTTATACCAGCATTTATTC
3b877aab36cfec9afde65b6fb7ca8bccb4f07236,ATTAGCTGGAAATCTGGCCCACGCTGGGGCTTCAGTAGATTTAGCTATCTTCTCCCTCCACCTAGCAGGTGTATCATCCATTCTAGGGGCAATTAATTTCATTACCACGATTATCAACATGAAACCCCCAGCCTTATCTCAATATCAAACCCCACTATTCGTTTGATCCGTAATAATTACAGCAGTCCTTCTTCTCCTTTCACTACCAGTCTTAGCAGCTGGTATCACAATGCTTCTAACAGACCGAAACCTGAACACAACATTTTTCGATCCTGCCGGGGGCGGAGACCCAATCCTATATCAACATCTCTTC
3bd45757984c4321ff62162ddf5dbbb19245b041,ATTAGCTGGAAATCTAGCCCACGCAGGAGCTTCAGTAGATTTAGCTATTTTCTCCCTCCACCTGGCAGGTGTGTCATCCATTCTAGGAGCTATTAATTTTATTACTACAATTATTAACATGAAACCACCGGCCCTAACTCAATACCAAACCCCACTATTCGTATGATCCGTAATAATTACAGCAGTCCTCCTTCTCCTTTCACTACCAGTCTTAGCAGCTGGTATTACAATACTCCTAACAGATCGAAACCTAAACACAACATTTTTCGATCCTGCTGGGGGTGGGGACCCAATCCTGTACCAACATCTTTTC
3d1cc6a3978e4dbe81c049cbe42d455816a29202,ATTAGCCGGAAACCTAGCTCACGCTGGAGCTTCTGTAGATTTAGCTATCTTCTCCCTCCACCTAGCAGGTGTGTCATCCATTCTAGGGGCAATTAATTTCATCACCACAATTATCAATATGAAACCCCCAGCCTTATCTCAGTACCAAACCCCACTATTCGTTTGATCCGTAATAATTACAGCAGTCCTTCTTCTCCTATCACTGCCAGTCTTAGCAGCTGGCATCACAATGCTTCTAACAGACCGAAACCTGAATACAACATTTTTCGATCCTGCCGGAGGCGGGGACCCAATCCTATATCAACATCTTTTC
3f20246a7c3ade517bc06adeba34bba40cfbeab3,GTTATCTAGCGGAAATTCGCACTCAGGCCCTGCGGTGGATTTAGCTATTTTTAGTTTACATCTATCAGGAGCCGCTTCTATTTTAGGCGCTATAAATTTTATTTGTACTATATTAAATATGCGTACTAAGGGTTTATATATGCACAAACTTCCTCTTTTTGCTTGGTCTATTTTGATTACTGCGGTGTTGCTTCTTCTTTCGTTACCTGTATTAGCAGGAGCAATAACAATGCTATTAACTGATCGAAATTTCAATACTACTTTTTTGATCCTGCAGGTGGGGGTGATCCTGTCCTTTATCAACACTTATTC
40714db6e045182c852cc531fba8bb8738c0adfc,TCTTGCAAGTATTCAGTTCCACTCTGGACCTTCTGTAGACTTAGCTATCTTTAGTCTACACTTAGCAGGTGCTTCTTCGATTATGGGTGCGGCAAACTTCATTACCACTATCCTTAACATGCGAGCTCCTGGTATCACTATGCACCGATTACCTCTTTTCGTATGGGCTGTGTTTATTACTGTTATCTTACTATTACTTTCGCTACCTGTTCTTGCAGCAGCGATTACTATGTTATTAACAGACCGTAACTTCAACACTACTTTCTTCGACCCAGCTGGAGGAGGTGACCCTGTACTTTACCAGCACTTATTC
40fc797a154c3ebba40132a64550cc72e019ea83,ATTAGCCGGAAACCTAGCTCACGCTGGAGCTTCTGTAGATTTAGCTATCTTCTCTCTCCACCTAGCGGGCGTATCATCCATCCTAGGGGCTATTAACTTCATTACCACCATTATTAATATAAAACCACCAGCCCTGTCTCAATATCAAACACCACTGTTCGTTTGATCCGTAATAATTACAGCAGTCCTCCTTCTCCTTTCACTACCAGTCTTAGCAGCTGGCATTACAATACTTCTAACAGACCGAAACCTGAACACAACATTCTTTGACCCTGCAGGAGGTGGAGACCCAATCCTATATCAACATCCTTTC
41d97651c192a8f98337a1d97d5a0c08d7e58ce8,CTTTAGCTAGTGCTCAAGCACATTCGGGTCCGTCCGTAGATTTAGCAATTTTTAGTTTACATTTAGCTGGGATTGCATCGATTTTAGGAGCGGTGAATTTTATTACAACAATTTGTAATATGCGGGCGCCTGGTATGACCTTTCACCGATTACCTTTATTTGTTTGGTCGGTTTTAATTACGGCTGTTTTATTACTCCTGTCCTTACCGGTTTTAGCTGGCGCTATTACTATGTTATTAACTGATCGTAATTTTAATACAACATTTTTTGATCCAGCTGGAGGTGGAGATCCTGTATTATTTCAGCACCTTTTC
4305bbc52b0bbbde4de7cb19717e9a6856aeb420,ATTAGCCGGAAACCTAGCTCACGCTGGAGCTTCTGTAGATTTAGCTATCTTCTCTCTCCACCTAGCGGGCGTATCATCCATCCTAGGGGCTATTAACTTCATTACCACCATTATTAATATAAAACCACCAGCCCTGTCTCAATATCAAACACCACTGTTCGTTTGATCCGTAATAATTACAGCAGTCCTTCTTCTCCTATCACTGCCAGTCTTAGCAGCTGGCATCACAATGCTTCTAACAGACCGAAACCTGAATACAACATTTTTCGATCCTGCCGGAGGCGGGGACCCAATCCTATATCAACATCTTTTC
436edc9b91d0d3ba5b28a995dece578e0177d672,ATTAGCCGGAAACCTAGCTCACGCTGGAGCTTCTGTAGATTTAGCTATCCTCTCTCTCCACCTAGCGGGCGTATCATCCATCCTAGGGGCTATTAACTTCATTACCACCATTATTAATATAAAACCACCAGCCCTGTCTCAATATCAAACACCACTGTTCGTTTGATCCGTAATAATTACAGCAGTCCTCCTTCTCCTTTCACTACCAGTCTTAGCAGCTGGCATTACAATACTTCTAACAGACCGAAACCTGAACACAACATTCTTTGACCCTGCAGGAGGTGGAGACCCAATCCTATATCAACATCTTTTC
4593b04e2337919c481bad83b26041d549bf7497,ATTAGCTGGAAATCTGGCCCACGCTGGGGCTTCAGTAGATTTAGCTATCTTCTCCCTCCACCTAGCAGGTGTATCATCCATTCTAGGGGCAATTAATTTCATTACCACGATTATCAACATGAAACCCCCAGCCTTATCTCAATATCAAACCCCACTATTCGTTTGATCCGTAATAATTACAGCAGTCCTCCTTCTCCTTTCACTACCAGTCTTAGCAGCTGGCATTACAATACTTCTAACAGACCGAAACCTGAACACAACATTCTTTGACCCTGCAGGAGGTGGAGACCCAATCCTATATCAACATCTTTTC
45fc526b4478ae044f85181d7c3b27cd7b70cfea,ATTAGCCGGAAATCTAGCCCATGCTGGGGCTTCTGTAGATTTAGCTATCTTCTCCCTCCACCTAGCAGGTGTGTCATCCATTCTAGGGGCAATTAATTTCATCACCACAATTATCAATATGAAACCCCCAGCCTTATCTCAGTACCAAACCCCACTATTCGTTTGATCCGTAATAATTACAGCAGTCCTTCTTCTCCTATCACTGCCAGTCTTAGCAGCTGGCATCACAATGCTTCTAACAGACCGAAACCTAAATACAACATTTTTCGATCCTGCCGGAGGCGGGGACCCAATCCTATATCAACATCTTTTC
47b6ca9c74c1fb627b6def62a03f80253ad951c3,CTTAGTAGTGTACAGGCACATTCAGGTCCTGCCGTTGATTTAGCGATTTTTAGTTTACACTTGTCTGGAGCCTCTTCAATTTTAGGAGCTATCAACTTTATTACAACAATCCTAAATATGCGTGCACCTGGAATGAGTATGCACCGTTTACCTTTAATGGTTTGGTCGGTTTTCATTACCGCTATACTACTACTTTTATCTTTACCTGTTTTAGCTGGTGCAATTACCATGCTTTTAACAGATAGAAACTTTAACACAACATTTTTTGATCCTGCTGGAGGAGGAGATCCTGTATTATATCAGCACCTTTTC
47edc57cdfe18d24099c380b819742dd8a4c9e74,TCTTAGTGCATTACCACAAGCAATTCCAGGTTCTGGAGCAGGAATGACACTTTGGTTAGTTTCGATGGCTATTTTTATCGCTTCATCTTTAATCGGAGCCTTAAATTATATTGTTACCGTATTAAATTTAAGAACAAAAGGAATGAAAATGACAAGATTGCCATTAACAATTTGGGCATTCTTTATCACTGCAATTGTAGGTGTTGTTTCTTTCCCAGTATTATTATCTGCAGCATTATTATTAGTGTTTGATAGAAGTTTTGGAACTTCTTTCTATTTATCAGATATATTTATCTCCGGAGAAGTTTTACATTATCAAGGAGGTTCTCCTGTATTGTTCGAACATTTATTT
4c43962708610c75bfd87bbcce715392a20888ca,GGTACTGGTTCTTTGGCCACCTAGCGGGCGTATCATCCATCCTAGGGGCTATTAACTTCATTACCACCATTATTAATATAAAACCACCAGCCCTGTCTCAATATCAAACACCACTGTTCGTTTGATCCGTAATAATTACAGCAGTCCTCCTTCTCCTTTCACTACCAGTCTTAGCAGCTGGCATTACAATACTTCTAACAGACCGAAACCTGAACACAACATTCTTTGACCCTGCAGGAGGTGGAGACCCAATCCTATATCAACATCTTTTC
4c6feb72447c55a6f548e043b24a9997f0b03e11,TCTAGCCTCTGTTGAAGCTCACTCTGGTAGCTCGGTTGACCTTGCCATCTTCTCTCTACACCTGGCTGGTATCTCTTCTATCCTTGGTGCGATTAACTTCATTACTACCATCCTGAACATGCGTGCTCCTGGGATGTACATGCACCGTCTTCCTCTTTTCGTTTGGGCTGTCCTTATCACTGCTATTAGGCTACTCCTGTCTAGGCCTGTACTAGCTGGTGCCATCACCATGCTCCTTACTGACCGTAACTTCAACACTTCCTTCTTCGACCCTGCTGGAGGTGGTGACCCTATCCTTTACCAGCATCTTTTC
4e2a0fbe5301b0202b1494f185694c6c7a8671a2,ATTAGCCGGAAACCTAGCTCACGCTGGAGCTTCTGTAGATTTAGCTATCTTCTCTCTCCACCTAGCGGGCGTATCATCCATCCTAGGGGCTATTAACTTCATTACCACCATTATTAATATAAAACCACCAGCCCTGTCTCAATATCAAACACCACTGTTCGTTTGATCCGTAATAATTACAGCAGTCCTTCTTCTCCTATCACTGCCAGTCTTAGCAGCTGGCATCACAATGCTTCTAACAGACCGAAACCTAAATACAACATTTTTCGATCCTGCCGGAGGCGGGGACCCAATCCTATATCAACATCTCTTC
4f4dd1cd55a782ddefb78e5d121e6d8288d05b20,ATTAGCCGGAAACCTAGCCCACGCTGGAGCTTCTGTAGATTTAGCTATCTTCTCTCTCCACCTAGCGGGCGTATCATCCATCCTAGGGGCTATTAACTTCATTACCACCATTATTAATATAAAACCACCAGCCCTGTCTCAATATCAAACACCACTGTTCGTTTGATCCGTAATAATTACAGCAGTCCTCCTTCTCCTTTCACTACCAGTCTTAGCAGCTGGCATTACAATACTTCTAACAGACCGAAACCTGAACACAACATTCTTTGACCCTGCAGGAGGTGGAGACCCAATCCTATATCAACATCTTTTC
50038e81d43032c72055a3a503042bcf6a7d3916,ATTAGCCGGAAACCTAGCTCACGCTGGAGCTTCTGTAGATTTAGCTATCTTCTCCCTCCACCTAGCAGGTGTATCATCCATTCTAGGGGCAATTAATTTCATTACCACGATTATCAACATGAAACCCCCAGCCTTATCTCAATATCAAACCCCACTATTCGTTTGATCCGTAATAATTACAGCAGTCCTTCTTCTCCTTTCACTACCAGTCTTAGCAGCTGGTATCACAATGCTTCTAACAGACCGAAACCTGAACACAACATTCTTTGACCCTGCAGGAGGTGGAGACCCAATCCTATATCAACATCTTTTC
51c77e3f0ace8cbc65ba24ae0c42ee3a05a55b86,ATTAGCCGGAAACCTAGCTCACGCTGGAGCTTCTGTAGATTTAGCTATCTTCTCTCTCCACCTAGCGGGCGTATCATCCATCCTAGGGGCTATTAACTTCATTACCACCATTATTAATATAAAACCACCAGCCCTGTCTCAATATCAAACACCACTGTTCGTTTGATCCGTAATAATTACAGCAGTCCTCCTTCTCCCTTCACTACCAGTCTTAGCAGCTGGCATTACAATACTTCTAACAGACCGAAACCTGAACACAACATTCTTTGACCCTGCAGGAGGTGGAGACCCAATCCTATATCAACATCTTTTC
5311f340280649b77c4fe5d7487b3f793d3204a6,CATTATCAACTAGTGAGTTTCATTCAGGTCCTTCAGTTGACTTAGCCATCTTTAGTCTTCATATAGCTGGTGCTTCTTCGATTGCGGGCGCAATTAATTTTATTACTACCATTTTTAATTGTAGATGTAGAGGTATGACTTTTGTTAGGATGCCTCTTTTTGTATGGGCTGTTTTAATTACAGCTTTTTTGTTACTTTTATCTTTACCTGTTTTGGCTGGGGGTATTACCATGTTATTAACTGATAGAAATTTAGCTACTAATTTTTTCGATATGGCCGGAGGAGGAGATATCATTTTATATCAACATCTTTTT
5340a0496f1053523912b740a2115f8acef42ef4,GGTACTGGTTGAACTGTTTATCCTCCAGCAATATCCCAATACCAAACACCACTATTTGTGTGATCCGTCCTAATTACAGCTGTACTTCTCCTACTATCCCTACCAGTACTAGCTGCTGGAATTACAATACTACTCACAGACCGCAACTTAAACACAACCTTCTTTGACCCCGCAGGGGGAGGAGATCCCATCCTATACCAACACCTCTTCTGATTCTTCGGCCACCCCGAAGTCTAT
553299e90bcc681416454462f7e5508adb052823,ATTAGCCGGAAACCTAGCTCACGCTGGAGCTTCTGTAGATTTAGCTATCTTCTCTCTCCACCTAGCGGCTATTAACTTCATTACCACCATTATTAATATAAAACCACCAGCCCTGTCTCAATATCAAACACCACTGTTCGTTTGATCCGTAATAATTACAGCAGTCCTCCTTCTCCTTTCACTACCAGTCTTAGCAGCTGGCATTACAATACTTCTAACAGACCGAAACCTGAACACAACATTCTTTGACCCTGCAGGAGGTGGAGACCCAATCCTATATCAACATCTTTTC
55532acae626b58fdd56a9108355aa4f0d9e2693,ATTAGCCGGAAGCCTAGCTCACGCTGGAGCTTCTGTAGATTTAGCTATCTTCTCTCTCCACCTAGCGGGCGTATCATCCATCCTAGGGGCTATTAACTTCATTACCACCATTATTAATATAAAACCACCAGCCCTGTCTCAATATCAAACACCACTGTTCGTTTGATCCGTAATAATTACAGCAGTCCTCCTTCTCCTTTCACTACCAGTCTTAGCAGCTGGCATTACAATACTTCTAACAGACCGAAACCTGAACACAACATTCTTTGACCCTGCAGGAGGTGGAGACCCAATCCTATATCAACATCTTTTC
55f1b7f719446f0d8467b4ffa9358dec135904f4,ATTAGCCGGAAACCTAGCTCACGCTGGAGCTTCTGTAGATTTAGCTATCTTCTCTCTCCACCTAGCGGGCGTATCATCCATCCTAGGGGCTATTAACTTCATTACCACCATTATTAATATAAAACCACCAGCCCTGTCTCAATATCAAACACCACTGTTCGTTTGATCCGTAATAATTACAGCAGTCCTCCTTCTCCTTTCACTACCAGTCTTAGCAGCTGGCATTACAATACTTCTAACAGACCGAAACCTGAATACAACATTTTTCGATCCTGCCGGAGGCGGGGACCCAATCCTATATCAACATCTCTTC
573677156f7f41374df494b86a0bcffa158fc5ce,TTAGCAGGGAACTACTCCCACCCTGGAGCCTCCGTAGACCTAACCATCTTCTCCTTACACCTAGCAGGTGTCTCCTCTATCTTAGGGGCCATCAATTTCATCACAACAATTATCAATATAAAACCCCCTGCCATAACCCAATACCAAACGCCCCTCTTCGTCTGATCCGTCCTAATCACAGCAGTCCTACTTATCCTATCTCTCCCAGTCCTAGCTGCTGGCATCACTATACTACTAACAGACCGCAACCTCAACACCACCTTCTTCGACCCCGCCGGAGGAGGAGACCCCATTCTATACCAACACCTATTC
57c68ab74cc1f6dedd20fe376a4d42a71ed759a7,TCTAGCAGGGATTCAAGCTCATTCAGGAGGTTCTGTTGATTTAGCAATTTTCTCTCTTCATTTAGCCGGAGTTTCGTCGATTCTTGGTGCAATTAATTTTATTGTAACAATTATGAACATGCGAGCTCCAGGAATGACTGCTCACCGAACTCCTTTATTTGTATGAGCTGTATTTATTACAGCTTTCTTACTTTTATTGTCTTTACCGGTTCTAGCAGGAGCTATTACAATGCTTTTAACAGATCGTAACTTTAATACGTCATTCTTCGACCCTAATGGTGGAGGTGACCCAGTATTATATCAACGTTTGTTT
5855352d08c8bd1033fad16af06b31f57ebf907a,ATTAGCCGGAAACCTAGCTCACGCTGGAGCTTCTGTAGATTTAGCTATCTTCTCTCTCCACCTAGCGGGCGTATCATCCATCCTAGGGGCTATTAACTTCATTACCACCATTATTAATATAAAACCACCAGCCCTGTCTCAATATCAAACACCACTGTTCGTTTGATCCGTAATAATTACAGCAGTCCTCCTTCTCCTTTCACTACCAGTCTTAGCAGCTGGCATTACAATACTTCTAACAGACCGAAACCTGAACACAACATTTTTCGATCCTGCCGGAGGCGGGGACCCAATCCTATATCAACATCTTTTC
59f3dc1659236f043ab1bbcf9f8b4167fd3b13cc,ATTAGCCGGAAATCTAGCCCATGCTGGGGCTTCTGTAGATTTAGCTATCTTCTCCCTCCACCTAGCAGGTGTGTCATCCATTCTAGGGGCAATTAATTTCATCACCACAATTATCAATATGAAACCCCCAGCCTTATCTCAGTACCAAACCCCACTATTCGTTTGATCCGTAATAATTACAGCAGTCCTTCTTCTCCTATCACTGCCAGTCTTAGCAGCTGGCATCACAATGCTTCTAACAGACCGAAACCTGAATACAACATTTTTCGATCCTGCCGGAGGCGGGGACCCAATCCTATATCAACATCTCTTC
5af2edb703099189c81f4e5d56d22dedab754638,ATTAGCTGGAAATCTGGCCCACGCTGGGGCTTCAGTAGATTTAGCTATCTTCTCCCTCCACCTAGCAGGTGTATCATCCATTCTAGGGGCAATTAATTTCATTACCACCATTATTAATATAAAACCACCAGCCCTGTCTCAATATCAAACACCACTGTTCGTTTGATCCGTAATAATTACAGCAGTCCTCCTTCTCCTTTCACTACCAGTCTTAGCAGCTGGCATTACAATACTTCTAACAGACCGAAACCTGAACACAACATTCTTTGACCCTGCAGGAGGTGGAGACCCAATCCTATATCAACATCTTTTC
5da80e8bf6d32c84c9462d0bfce47c8db0074d18,ATTAGCCGGAAACCTAGCCCACGCTGGAGCTTCTGTAGATTTAGCTATCTTCTCTCTCCACCTAGCGGGCGTGTCATCCATCCTAGGGGCTATCAACTTCATTACTACTATTATTAATATAAAACCACCAGCCCTGTCTCAATATCAAACACCACTGTTCGTTTGATCCGTAATAATTACAGCAGTCCTCCTTCTCCTTTCACTACCAGTCTTAGCAGCTGGCATTACAATACTTCTAACAGACCGAAACCTGAACACAACATTCTTTGACCCTGCAGGAGGTGGAGACCCAATCCTATATCAACATCTTTTC
5f22542d77ec58005e773c2e3db1f3b65234474f,ATTAGCCGGAAACCTAGCTCACGCTGGAGCTTCTGTAGATTTAGCTATCTTCTCTCTCCACCTAGCGGGCGTATCATCCATCCTAGGGGCTATTAACTTCATTACCACCATTATTAATATAAAACCACCAGCCCTGTCTCAATATCAAACACCACTGTTCGTTTGATCCGTAATAATTACAGCAGTCCTCCTTCTCCTTTCACTACCAGTCTTAGCAGCTGGCATTACAATACTTCTAACAGACCGAAACCTGAACACAACATTCTTTGACCCTGCAGGAGGTGGAGACCCAATCCTATATCAACGTCTTTTC
60a581d84628afd20fa46240e311552f3e0cc911,GTTATCTAGAAATGTTGCACATTCTGGTCCTGCGGTAGATTTAGCTATTTTTAGTTTGCACTTATCAGGTGCAGCTTCAATTTTAGGTGCTATTAATTTCATTTGTACTATTCTTAATATGAGAACAAAAGGCCTTTATATGCATAAGTTACCTTTATTCGTTTGGTCTATTTTAATAACTGCTGTATTGTTGTTATTATCTTTGCCTGTGCTTGCTGGCGCTATAACAATGTTACTGACTGACCGTAATTTCAATACTTCTTTTTTTGATCCTGCTGGAGGAGGTGATCCAGTGTTATACCAACATTTATTC
627305d6c47c4b6d277dc4bf5f10a5a64233b56e,TTTATCATCAATAAATGCTCATTCAGGACCTAGTGTAGATTTAGCTATATTTGCTTTACATTTAACAAGTATCTCTAGTTTATTAGGTGCTATTAATTTTATAGTTACTGTATTAAATATGCGTACTATAGGTTTACATATGGTAAATGCACCTTTATTTGTATGAGCTATATTCTTTACAGCTATATTATTATTATTATCATTACCTGTATTAACAGCAGGTGTAACATTATTATTAATGGATAGAAACTTTAATACAGGTTTCTACGAAGTTGCTGCGGGAGGAGATCCAGTATTATACCAACATTTATTT
62e43cbd43c5b977f83b1816e6f737ec5741ec20,ATTAGCCGGAAACCTAGCTCACGCTGGAGCTTCTGTAGATTTAGCTATCTTCTCTCTCCACCTAGCGGGCGTATCATCCATCCTAGGGGCTATTAACTTCATTACCACCATTATTAATATAAAACCACCAGCCCTGTCTCAATATCAAACACCACTGTTCGTTTGATCCGTAATAATTACAGCAGTCCTCCTTCTCCTTTCACTACCAGTCTTAGCAGCTGGCATTACAATACTTCTAACAGACCGAAACCTGAACACGACATTCTTTGACCCTGCAGGAGGTGGAGACCCAATCCTATATCAACATCTTTTC
6313eef1db51679eb8ea7601c3d6e587a5a7e823,ATTAGCTGGAAATCTAGCCCACGCAGGAGCTTCAGTAGATTTAGCTATTTTCTCCCTCCACCTGGCAGGTGTATCATCCATTCTAGGAGCCATTAATTTTATTACTACAATTATTAACATGAAACCACCGGCCCTAACTCAATACCAAACCCCACTATTCGTATGATCCGTAATAATTACAGCAGTCCTCCTTCTCCTTTCACTACCAGTCTTAGCAGCTGGCATTACAATACTTCTAACAGACCGAAACCTGAACACAACATTCTTTGACCCTGCAGGAGGTGGAGACCCAATCCTATATCAACATCTTTTC
6460c6cc9a7962697f03ba714c6618fc8fc4410c,GTTAAGTGGAGTACAAAGTCACAGTGGACCAAGTGTGGATTTAGCCATATTTGCTTTACACTTGTCAGGTGTAAGTAGTTTATTGGGAGCAATAAATTTTATTACTACTATACTTAATATGAGAAGTCCAGGTATAAAATTACACAAACTGGCTTTATTTGGATGAGCAGTTGTTGTTACAGCTGTATTATTACTACTATCATTACCTGTGCTTGCAGGTGCTATTACCATGGTTTTAACTGATAGAAATTTTAATACATCATTCTTTGAAGCAGCTGGTGGTGGTGATCCTATACTTTACCAACATCTTTTC
64794d8c393f7f190c73b68118a04a627fb25104,ATTAGCCGGAAACCTAGCTCACGCTGGAGCTTCTGTAGATTTAGCTATCTTCTCTCTCCACCTAGCGGGCGTATCATCCATCCTAGGGGCTATTAACTTCATTACCACCATTATTAATATAAAACCACCAGCCCTGTCTCAATATCAAACACCACTGTTCGTTTGATCCGTAATAATTACAGCAGTCCTCCTTCTCCTTTCACTACCAGTCTTAGCAGCTGGCATTACAATACTTCTAACAGACCGAAACCTAAATACAACATTTTTCGATCCTGCCGGAGGCGGGGACCCAATCCTATATCAACATCTCTTC
65bf2288fd730bd05bc99ce657198fd59c3b5485,ATTAGCCGGAAACCTAGCTCACGCTGGAGCTTCTGTAGATTTAGCTATCTTCTCTCTCCACCTAGCGGGCGTATCATCCATCCTAGGGGCTATTAATTTCATTACCACGATTATCAACATGAAACCCCCAGCCTTATCTCAATATCAAACCCCACTATTCGTTTGATCCGTAATAATTACAGCAGTCCTTCTTCTCCTTTCACTACCAGTCTTAGCAGCTGGTATCACAATGCTTCTAACAGACCGAAACCTGAACACAACATTTTTCGATCCTGCCGGGGGCGGAGACCCAATCCTATATCAACATCTTTTC
66a69875e08ccbb96fcb4ff9dbec842f4f29a020,ATTAGCCGGAAACCTAGCTCACGCTGGAGCTTCTGTAGATTTAGCTATCTTCTCTCTCCACCTAGCGGGCGTGTCATCCATCCTAGGGGCTATCAACTTCATTACTACTATTATTAATATAAAACCACCAGCCCTGTCTCAATATCAAACACCACTGTTCGTTTGATCCGTAATAATTACAGCAGTCCTCCTTCTCCTTTCACTACCAGTCTTAGCAGCTGGCATTACAATACTTCTAACAGACCGAAACCTGAACACAACATTCTTTGACCCTGCAGGAGGTGGAGACCCAATCCTATATCAACATCTTTTC
66b3fff368cad4aaa74658ad9a5f3f7cfd3fdb75,ATTAGCCGGAAACCTAGCTCACGCTGGAGCTTCTGTAGATTTAGCTATCTTCTCTCTCCACCTAGCGGGCGTATCATCCATCCTAGGGGCTATTAACTTCATTACCACCATTATTAATATAAAACCACCAGCCCTGTCTCAATATCAAACACCACTGTTCGTTTGATCCGTAATAATTACAGCAGTCCTCCTTCTCCTTTCACTACCAGTCTTAGCAGCTGGCATTACAATACTTCTAACAGACCGAAACCTGAACACAACATTCTTTGACCCTGCAGGAGGTGGAGACCCAATCCTATACCAACATCTTTTC
66cdc6e925345cd2d4fe58ee18e65488a7ab1a14,ATTAGCCGGAAACCTAGCTCACGCTGGAGCTTCTGTAGATTTAGCTATCTTCTCCCTCCACCTAGCAGGTGTATCATCCATTCTAGGGGCAATTAATTTCATTACCACGATTATCAACATGAAACCCCCAGCCTTATCTCAATATCAAACCCCACTATTCGTTTGATCCGTAATAATTACAGCAGTCCTTCTTCTCCTTTCACTACCAGTCTTAGCAGCTGGTATCACAATGCTTCTAACAGACCGAAACCTGAACACAACATTTTTCGATCCTGCCGGGGGCGGAGACCCAGTCCTATATCAACATCTCTTC
68727c3c87ee3f86b42d62555398e8cf616926e1,ATTAGCCGGAAACCTAGCTCACGCTGGAGCTTCTGTAGATTTAGCTATCTTCTCTCTCCACCTAGCGGGCGTATCATCCATCCTAGGGGCTATTAACTTCATTACCACCATTATTAATATAAAACCACCAGCCCTGTCTCAATATCAAACACCACTGTTCGTTTGATCCGTAATAATTACAGCAGTCCTCCTTCTCCTTCCACTACCAGTCTTAGCAGCTGGCATTACAATACTTCTAACAGACCGAAACCTGAACACAACATTCTTTGACCCTGCAGGAGGTGGAGACCCAATCCTATATCAACATCTTTTC
6a404a966efca1ddffe01414f8df455e49ec170b,ATTAGCCGGAAACCTAGCTCACGCTGGAGCTTCTGTAGATTTAGCTATCTTCTCTCTCCACCTAGCGGGCGTATCATCCATCCTAGGGGCTATTAACTTCATTACCACCATTATTAATATAAAACCACCAGCCCTGTCTCAATATCAAACACCACTGTTCGTTTGATCCGTAATAATTACAGCAGTTCTCCTTCTCCTTTCACTACCAGTCTTAGCAGCTGGCATTACAATACTTCTAACAGACCGAAACCTGAACACAACATTCTTTGACCCTGCAGGAGGTGGAGACCCAATCCTATATCAACATCTTTTC
6ae7dd3f17778cf447b3b8835e02b8d724bbee39,TAGCAGGTAACCTCGCCCACGCTGGAGCCTCTGTTGACCTCGCCATCTTCTCACTACACCTAGCTGGTGTTTCTTCTATCCTAGGTGCAATCAACTTTATTACAACAGCCGTTAACATAAAACCCCCAGCCCTTTCACAATACCAAACCCCTCTATTCGTGTGATCAGTCCTAATCACCGCCATCCTACTACTACTATCACTCCCAGTACTCGCTGCAGGTATTACCATGCTCCTCACGGACCGAAATCTCAATACCACATTCTTTGATCCCGCGGGAGGAGGAGACCCCGTCCTATACCAACACCTCTTC
6b3ad049837b6645ca32643e8800aa00e44cfb47,ATTAGCCGGAAATCTAGCCCATGCTGGGGCTTCTGTAGATTTAGCTATCTTCTCCCTCCACCTAGCAGGTGTGTCATCCATTCTAGGGGCAATTAATTTCATCACCACAATTATCAATATGAAACCCCCAGCCTTATCTCAGTACCAAACCCCACTATTCGTTTGATCCGTAATAATTACAGCAGTCCTTCTTCTCCTATCACTGCCAGTCTTAGCAGCTGGCATCACAATGCTTCTAACAGACCGAAACCTGAACACAACATTCTTTGACCCTGCAGGAGGTGGAGACCCAATCCTATATCAACATCTTTTC
6bbc0a2ad257a013ed393affcbcef512cb66b4d8,ATTAGCCGGAAACCTAGCTCACGCTGGAGCTTCTGTAGATTTAGCTATCTTCTCCCTCCACCTAGCAGGTGTATCATCCATTCTAGGGGCAATTAATTTCATTACCACGATTATCAACATGAAACCCCCAGCCTTATCTCAATATCAAACCCCACTATTCGTTTGATCCGTAATAATTACAGCAGTCCTTCTTCTCCTTTCACTACCAGTCTTAGCAGCTGGTATCACAATGCTTCTAACAGACCGAAACCTGAACACAACATTTTTCGATCCTGCCGGGGGCGGAGACCCAATCCTATATCAACATCTTTTC
6c179b1137455a1299a5ab1df5031779c4d56b45,ATTAGCCGGAAACCTAGCTCACGCTGGAGCTTCTGTAGATTTAGCTATCTTCTCTCTCCACCTAGCGGGCGTATCATCCATCCTAGGGGCTATTAACTTCATTACCACCATTATTAATATAAAACCACCAGCCCTGTCTCAATATCAAACACCACTGTTCGTTTGATCCGTAATAATTACAGCAGTCCTCCTTCTCCTTTCACTACCAGTCTTAGCAGCTGGCATTACAATACTTCTAACAGACCGAAGCCTGAACACAACATTCTTTGACCCTGCAGGAGGTGGAGACCCAATCCTATATCAACATCTTTTC
6d30d1d6685e849ba581e45d33a97d3c55918ec8,ATTAAGTAGCGTTCAAGCTCACTCAGGTCCTTCAGTGGATTTAGCTATTTTTAGTCTACATTTATCAGGAGCATCATCAATTCTTGGAGCAATAAATTTCATTACAACAATCTTCAATATGAGAGCTCCAGGAATGACTATGCATAGACTTCCTTTATTTGTATGAGCGGTTTTAATTACTGCATTTTTATTACTTTTATCGTTACCTGTACTGGCAGGAGCAATTACTATGCTATTAACAGATAGAAACTTTAATACAACATTTTTCGATCCTGCAGGAGGAGGAGATCCTGTATTATATCAGCATCTTTTC
6dca9d590830bda286ad360feafb7bb3a18e67bd,ATTAGCCGGAAACCTAGCTCACGCTGGAGCTTCTGTAGATTTAGCTATCTTCTCTCTCCACCTAGCGGGCGTATCATCCATCCTAGGGGCTATTAACTTCATTACCACCATTATTAATATAAAACCACCAGCCCTGTCTCAATATCAAACACCACTGTTCGTTTGATCCGTAATAATTACAGCAGTCCTCCTTCTCCTTTCACTACCAGTCTTAGCAGCTGGCATTACAATACTTCTAACAGACCGAAACCTGAACACAACATTCTTTGACCCTGCAGGAGATGGAGACCCAATCCTATATCAACATCTTTTC
6f32c34a66094908a21de3f30e1619f9200ba362,ATTAAGTAGCATTAGTGCTCACCCAGGTGGTGCAGTAGATTTAGCAATTTTTAGTATACACGTTCCAGGTGCATCTTCAATACTTGGGGCTGTCAACTTTATTACGACAATCTTCAATATGAGATGTCCAGGTATGACAATGCATAGAGTTCCATTATTTGTATGGGCAGTATTGATTACAGCGTTTTTGTTATTATTATCATTACCTGTTCTGGCAGGTGCTATTACAATGTTACTTTGTGATCGAAATTTTAACACTACGTTTTTTGATCCTTCAGGTGGAGGGGATCCTGTATTGTACCAACATTTATTC
7268345e838b2f9cec842ed3e465d418a93bffea,TTTGAGTTCCATCACCGGGCATAGTTCTCCTGCAGTAGATATGGCTACTTTTTCTCTTCACTTAGCGGGAGCCTCTTCTATTTTAGGCGCAGTGAACTTCATTACGACTATTCTTAATATGAGAGCACCTGGAATGACCCTCCATAAGATGCCTTTATTTGCTTGGGCGATGTTAGTTACCGCTTTCCTTCTATTGTTAGCTGTTCCTGTATTAGGTGGAGCTATTACGATGCTTTTAACAGACCGTAACTTTGGAACTACCTTTTTTGATCCAGCTGGAGGTGGAGATCCTGTTCTTTTTCAACATCTTTTC
726b9dcfaa0aa696d45823e6d27725ce82aaa286,ATTAGCCGGAAACCTAGCTCACGCTGGAGCTTCTGTAGATTTAGCTATCTCCTCTCTCCACCTAGCGGGCGTATCATCCATCCTAGGGGCTATTAACTTCATTACCACCATTATTAATATAAAACCACCAGCCCTGTCTCAATATCAAACACCACTGTTCGTTTGATCCGTAATAATTACAGCAGTCCTCCTTCTCCTTTCACTACCAGTCTTAGCAGCTGGCATTACAATACTTCTAACAGACCGAAACCTGAACACAACATTCTTTGACCCTGCAGGAGGTGGAGACCCAATCCTATATCAACATCTTTTC
726bd5fdee03a46f9d923299b15b897a552d6d9c,ATTAGCCGGAAACCTAGCTCACGCTGGAGCTTCTGTAGATTTAGCTATCTTCTCTCTCCACCTAGCGGGCGTATCATCCATCCTAGGGGCTATTAACTTCATTACCACCATTATTAATATAAAACCACCAGCCCTGTCTCAATATCAAACACCACTGTTCGTTTGATCCGTAATAATTACAGCAGTCCTCCTTCTCCTTTCACTACCAGTCTTAGCAGCTGGCATTACAATACTTCTAACAGACCCAATCCTATATCAACATCTTTTC
72ea4cbb388342dfbf579b74c395fbe76d6b1d32,ATTAGCCGGAAACCTAGCTCACGCTGGAGCTTCTGTAGATTTAGCTATCTTCTCCCTCCACCTAGCAGGTGTGTCATCCATTCTAGGGGCAATTAATTTCATCACCACAATTATCAATATGAAACCCCCAGCCTTATCTCAGTACCAAACCCCACTATTCGTTTGATCCGTAATAATTACAGCAGTCCTTCTTCTCCTATCACTGCCAGTCTTAGCAGCTGGCATCACAATGCTTCTAACAGACCGAAACCTGAACACAACATTCTTTGACCCTGCAGGAGGTGGAGACCCAATCCTATATCAACATCTTTTC
731fdd9853818fbf22aa876c4d294401ff012ab2,TAGCAAGAAATCTCGCACACTCCGGTCCATCAGTAGACCTGGCAATTTTCTCCCTTCATTTAGCCGGATCATCCTCAATCCTAGGTGCTATCAACTTCATCACCACAATAATCAACATACGCTGAAACGGACTTCGACTTGAACGAATCCCTCTATTCGTCTGAGCAGCAGTAATCACAGTAATCCTACTCCTACTATCACTTCCAGTACTAGCTGGGGCCATTACCATGCTATTAACAGACCGCAACCTAAATACATCCTTCTTCGACCCAGCTGGTGGGGGCGACCCTATTCTATACCAACATCTCTTC
746aa4e87eb8eba0399ce0e31b873783bf166714,ACTGAGTATCCTTGAAAAAGCAATACCAGGATCCGGAACAGGAATGACGTTGTGGTTGTTATCCATGACTTTGTTCATCGCATCCTCACTGTTAGGAGCTTTGAACTACATTGTAACGATATTGAACTTAAGAACAATTGGAATGAAAATGACAAGATTGCCACTTACGATTTGGGCACTCTTTGTTACAGCAATTCTAGGTGTTCTCTCTTTCCCAGTCCTAGTTTCAGCAGTATTGTTGTTGTTGATGGATAAATCTTTTGGAACAAGTTTCTACCTTTCAGATATTTTTATCGGAGGTGAAGCATTGGATGCATCGGGAGGTTCTCCTATCTTGTACCAACACCTGTTC
750f9b6a961a2f8f7afb0a8b1fdf87d204d850be,ATTAGCCGGAAACCTAGCTCACGCTGGAGCTTCTGTAGATTTAGCTATCTTCTCTCTCCACCTAGCGGGCGTATCATCCATCCTAGGGGCTATTAACTTCATTACCACCATTATTAATATAAAACCACCAGCCCTGTCTCAATATCAAACACCACTGTTCGTTTGATCCGTAATAATTACAGCAGTCCTCCTTCTCCTTTCACTACCAGTCTTAGCAGCTGGCATTACAATACTTCTAACAGACCGAAACCTGAACACAACGTTCTTTGACCCTGCAGGAGGTGGAGACCCAATCCTATATCAACATCTTTTC
7691ff9b30d2716aa16b35850ca1155a3797e3d9,ATTAGCCGGAAACCTAGCTCACGCTGGAGCTTCTGTAGATTTAGCTATCTTCTCTCTCCACCTAGCGGGCGTATCATCCATCCTAGGGGCTATTAACTTCATTACCACCATTATTAATATAAAACCACCAGCCCTGTCTCAATATCAAACACCACTGTTCGTTTGATCCGTAATAATTACAGCAGTCCTCCTTCTCCTTTCACTACCAGTCTTAGCAGCTGGCATTACAATACTTCTAACAGACCGAAACCTGAACACAACATTCTTTGACCCTGCCGGAGGTGGAGACCCAATCCTATACCAACATCTTTTC
76969d94905c34ef22bf067ba3196c577ee28547,ATTAGCCGGAAACCTAGCTCACGCTGGAGCTTCTGTAGATTTAGCTATCTTCTCCCTCCACCTAGCGGGCGTATCATCCATCCTAGGGGCTATTAACTTCATTACCACCATTATTAATATAAAACCACCAGCCCTGTCTCAATATCAAACACCACTGTTCGTTTGATCCGTAATAATTACAGCAGTCCTCCTTCTCCTTTCACTACCAGTCTTAGCAGCTGGCATTACAATACTTCTAACAGACCGAAACCTGAACACAACATTCTTTGACCCTGCAGGAGGTGGAGACCCAATCCTATATCAACATCTTTTC
7c7e20b103da940135552ed15dcb12bc719f9577,TCTAAGTCATATTACGAGCCACTCTGGTGGTGCAGTTGATTTAGCTATTTTCAGTTTACATTTATCTGGAGCGAGCAGTATTTTAGGGGCGATTAACTTTATTACCACTATCTTTAACATGCGTGGGCCTGGTCTGGGCTTCCATCGCTTACCTTTATTTGTGTGGTCTGTTCTGATTACGGCCTTCTTACTTCTTCTCTCTTTACCGGCTTTAGCGGGAGCGATTACGATGCTGTTAACGGATCGTAACTTCAATACCTCGTTCTTTGATCCGGCGGGCGGAGGTGACCCTATTTTGTTCCAGCACCTTTTT
808b460f804af1b347e1fc17e547d61e0a291dd8,ATTAGCCGGAAACCTAGCTCACGCTGGAGCTTCTGTAGATTTAGCTATCTTCTCTCTCCACCTAGCGGGCGTATCATCCATCCTAGGGGCTATTAACTTCATTACCACCATTATTAATATAAAACCACCAGCCCTGTCTCAATATCAAACACCACTGTTCGTTTGATCCGTAATAATTACAGCAGTCCTTCTTCTCCTATCACTGCCAGTCTTAGCAGCTGGCATCACAATGCTTCTAACAGACCGAAACCTGAATACAACATTTTTCGATCCTGCCGGAGGCGGGGACCCAATCCTATATCAACATCTCTTC
809fd78c0a84a209d31efad146bce9536c4985da,ACAACAGCCATTAACATAAAACCCCCAGCCCTTTCACAATACCAAACCCCTCTATTCGTGTGATCAGTCCTAATCACCGCCATCCTACTACTACTATCACTCCCAGTACTCGCTGCAGGTATTACCATGCTCCTCACGGACCGAAATCTCAATACCACATTCTTTGATCCCGCGGGAGGAGGAGACCCCGTCCTATACCAACACCTCTTCTGATTCTTCGGCCACCCCGAAGTCTA
80bdca97a48744dc50eeb39b271db980b65a9828,ATTAGCCGGAAACCTAGCTCACGCTGGAGCTTCTGTAGATTTAGCTATCTTCTCCCTCCACCTAGCAGGTGTGTCATCCATTCTAGGGGCAATTAATTTCATCACCACAATTATCAATATGAAACCCCCAGCCTTATCTCAGTACCAAACCCCACTATTCGTTTGATCCGTAATAATTACAGCAGTCCTCCTTCTCCTTTCACTACCAGTCTTAGCAGCTGGCATTACAATACTTCTAACAGACCGAAACCTGAACACAACATTCTTTGACCCTGCAGGAGGTGGAGACCCAATCCTATATCAACATCTTTTC
84a5ef052efd9503306e60f2f29485e929e4a4f8,TTTGTCAACAAGTGAATTTCATTCTGGCCCATCTGTTGATCTTGCAATTTTTAGTTTACATATTGCAGGTGCTTCTTCTATAGCCGGAGCAATAAATTTTATTACCACAATATTTAATTGTAGGTGTAGGGGTATGACTTTTGTGCGTATGCCTTTGTTTGTTTGAGCAGTTTTGATTACTGCTTTTTTATTATTATTATCTTTACCTGTTCTAGCAGGTGCTATCACAATGCTTTTAACAGATAGAAACTTTAATACTACTTTCTTTGATCCTGCTGGGGGAGGAGATCCTGTATTATTTCAGCATCTTTTC
8643a5b6d44af65d24582f65c92d654d6c3b7c6b,ACTTTCAAGTGCAACAGCTCACTCTGGGGGTTCTGTAGACTTGGCCATATTTAGTTTACATTGTCAGGCGCATCTTCAATTTTAGGTGCTATTAATTTTATTTGTACTATTTTTAACATGCGAGTGAAAAGTTTATCTTTTCATAATCTTCCTTTATTCGTATGGTCTGTATTAATTACCGCATTTTTATTGTTGTTATCTTTACCTGTGCTTGCAGGGGCAATAACTATGTTATTAACAGATAGGAATTTTAATACTACTTTTTTTGATCCTGCTGGAGGGGGTGACCCTGTATTATTTCAGCACCTTTTC
88471725bdf94441e9bb4e5c8483c861886ec4fd,ATTAAGTACTTCCTTCATGAGTTTATCACCTTCTAGCACTGCTTATATTATATTTGGATTATTAATGTCTGGAATATCCTCCTGTGTCACGTCTCTTAACTTTTGGGTTACAATATTAAATATGAGGTGTTACTGTCTCACATTAAAAACTATGGTATTATTTTCTTGGAGTCTTTTGATTACTGGAGCTATGCTTTTATTAACATTGCCTGTATTAACTGGAGCTCTTCTTATGATATTGTCTGATCTTCATTGTAATACTCTTTTATTTGACCCAGTTTTATATCAACATTTATTC
886ce2f7018dab54908e056b3785d7b14712763a,ATTAGCTGGAAATCTGGCCCACGCTGGGGCTTCAGTAGATTTAGCTATCTTCTCCCTCCACCTAGCAGGTGTATCATCCATTCTAGGGGCAATTAATTTCATTACCACGATTATCAACATGAAACCCCCAGCCTTATCTCAATATCAAACCCCACTATTCGTTTGATCCGTAATAATTACAGCAGTCCTTCTTCTCCTTTCACTACCAGTCTTAGCAGCTGGTATCACAATGCTTCTAACAGACCGAAACCTGAACACAACATTTTTCGATCCTGCCGGGGGCGGAGACCCAATCCTATATCAACATCTTTTC
898d6ae68e71a31629ea725892a4743d1fe16a11,GCTTTCAAGTGGAACTTCTCACTCAGGTGGTGCTGTTGATCTAGCTATTTTCAGTCTACACCTTTCAGGAGCTTCATCAATCCTAGGAGCAATTAACTTTATATGTACTATCTTCAATATGAGAGTGAAAAGTTTGTCATTCCACAACTTACCTCTTTTTGTTTGGGCTGTTTTAATTACGGCTTTTCTATTATTGTTGTCTTTACCTGTTTTAGCAGGAGCAATAACAATGTTATTGACTGATAGAAATTTCAACACTACTTTCTTCGATCCTGCGGGGGGAGGAGATCCTGTGCTATACCAGCATTTGTTC
89d7cdc06211e56cde9b28627d700a3aacb3aa29,GCTTTCAAGTGGAACTTCTCACTCAGGTGGTGCTGTTGATCTAGCTATTTTCAGTCTACACCCTTCAGGAGCTTCATCAATCCTAGGGGCAATTAACTTTATATGTACTATTTTCAATATGAGAGTGAAAAGTTTGTCATTCCACAACTTACCTCTTTTTGTTTGGGCTGTTTTAATTACGGCTTTTCTATTATTGTTGTCTTTACCTGTTTTAGCAGGAGCAATAACAATGTTATTGACTGATAGAAATTTCAACACTACTTTCTTCGATCCTGCGGGGGGAGGAGATCCTGTGCTATACCAGCATTTGTTC
8a219339afeee32168422ced84ad3eda64490844,ATTAGCCGGAAACCTAGCTCACGCTGGAGCTTCTGTAGATTTAGCTATCTTCTCTCTCCACCTAGCGGGCGTATCATCCATCCTAGGGGCTATTAACTTCATTACCACCATTATTAATATAAAACCACCAGCCCTGTCTCAATATCAAACACCACTGTTCGTTTGATCCGTAATAATTACAGCAGTCCTCCTTCTCCTTTCACTACCAGTCTTAGCAGCTGGCATTACAATACTTCTAACAGACCGAAACCTGAACACAACATTTTTCGATCCTGCCGGGGGCGGAGACCCAGTCCTATATCAACATCTCTTC
8a8d08172cc00bc310d4d0a8ad1830cb38f41d99,ATTAGCCGGAAACCTAGCTCACGCTGGAGCTCCTGTAGATTTAGCTATCTTCTCTCTCCACCTAGCGGGCGTATCATCCATCCTAGGGGCTATTAACTTCATTACCACCATTATTAATATAAAACCACCAGCCCTGTCTCAATATCAAACACCACTGTTCGTTTGATCCGTAATAATTACAGCAGTCCTCCTTCTCCTTTCACTACCAGTCTTAGCAGCTGGCATTACAATACTTCTAACAGACCGAAACCTGAACACAACATTCTTTGACCCTGCAGGAGGTGGAGACCCAATCCTATATCAACATCTTTTC
8a99bed0dcf3f8803057e416234324312832edf2,ATTAGCCGGAACAGGATGAACTGTATACCCCCCATTAGCCGGAAACCTAGCTCACGCTGGAGCTTCTGTAGATTTAGCTATCTTCTCTCTCCACCTAGCGGGCGTATCATCCATCCTAGGGGCTATTAACTTCATTACCACCATTATTAATATAAAACCACCAGCCCTGTCTCAATATCAAACACCACTGTTCGTTTGATCCGTAATAATTACAGCAGTCCTCCTTCTCCTTTCACTACCAGTCTTAGCAGCTGGCATTACAATACTTCTAACAGACCGAAACCTGAACACAACATTCTTTGACCCTGCAGGAGGTGGAGACCCAATCCTATATCAACATCTTTTC
8b9b2989b8288a80878847d97f8519153e8f0bc2,ATTAGCCGGAAACCTAGCTCACGCTGGAGCTTCTGTAGATTTAGCTATCTTCTCTCTCCACCTAGCGGGCGTATCATCCATCCTAGGGGCTATTAACTTCATTACCACCATTATTAATATAAAACCACCAGCCCTGTCTCAATATCAAACACCACTGTTCGTTTGATCCGTAATAATTACAGCAGTCCTCCTTCTCCTTTCACTACCAGTCTTAGCAGCTGGCATTACAGTACTTCTAACAGACCGAAACCTGAACACAACATTCTTTGACCCTGCAGGAGGTGGAGACCCAATCCTATATCAACATCTTTTC
8c5336367eb85378ae155f8e0d14090b635cecc2,ATTAAGCAGTTTACTATCTCATTCTGGTCCAGCGGTAGATGCTGCAATATTTTCTTTACATTTAGCAGGTATTTCTTCTATTGCTGGTGCTATTAATTTTATTGTTTCAATCTTTAATATGCGATGTAGAGGTATGACTTGACACAGATTGCCTTTGTTTGCTTGATCTGTTTTAATCACTGCTTTTTTATTGTTATTATCTTTACCAGTGTTAGCTGGTAGTATTACAATGTTACTTTCTGATAGAAATTGAAATACTGCATTTTTTGAACCAAGCAGTGGGGGTGATGTTATTCTTTTTCAACATATTTTT
8d1951003db779ffa31989af55b7b47a67a21f1a,TTTAGCTGGTATACAAGCTCATTCTGGTGGATCTGTTGATTGTGCAATTTATTCTTTACATTTGGCTGGTATTTCTTCAATTTTAGGAGCAATTAATTTTATAGTAACAATGACAAATATGCGCGCACCAGGAATGAGTGCAAATAGAACTCCGTTATTTGTTTGGTCAGTTTATATTACTGCTTTTTTACTTTTACTTTCTTTACCAGTTTTAGCCGGTGCAATAACTATGCTTTTAACAGATCGTAATTTTAATACTTCATTTTTTGATCCAAATGGTGGTGGTGATCCAGTTTTATACCAACATTTATTT
922ed48719d8f521530fd6941c78aab41af1162f,ATTAGCAAGTATTGCATTCCACTCAGGAGGAGCAGTTGATTGTGCAATTTTCGCTCTTCACGTTGCAAGAGCTTCTTCTATTCTTGGAGCAGTAAACTTTATTACAACTGTAATGAACATGCGAGCTCCAGGAATTAGTCTTCACCGAATGCCTCTATTCGTATGAAGTGTTTTTGTAACTGTTGTACTTCTTCTATTAGCTGTACCTGTACTTGCAGGAGCAATTACGATGCTATTAACAGATCGAAACTTTAACACAACTTTCTTTGACCCAGCAGGGGGAGGAGATCCTGTACTTTATCAGCACCTTTTC
935860b1712f5b02909e58413afacf1c30416e70,CTTAGCAGGCAACCTAGCCCATGCAGGAGCTTCAGTAGATCTAACCATTTTCTCTTTACACTTAGCAGGAGTTTCCTCAATTTTAGGAGCCATCAACTTCATTACAACAATTATCAACATAAAGCCCCCCGCAATGTCACAATACCAAACCCCTCTGTTCGTATGATCCGTAATAATTACCGCCGTACTACTACTACTCTCGCTCCCTGTATTAGCAGCCGGCATCACAATGCTATTAACAGACCGGAACCTAAATACAACCTTCTTCGACCCGGCAGGAGGAGGAGACCCTATTCTATATCAACACTTATTC
9601a888bf5134b17e43cc2c565870b0e89999b7,TCTTTCAGGAATTATTGCTCACTCGGGTGGTGCAGTAGACTTAACAATCTTTAGTCTTCACTTGTCTGGAGCAGCTTCTATTTTAGGTGCAATTAACTTTATTTGTACAATTGTTAATATGAGAACCGAAAGTCTTCCGTTCCACAAGCTACCTTTATTCGTATGGGCTGTTTTTATCACTGCAATTTTATTATTGTTATCTCTACCAGTATTAGCAGGTGCTATTACTATGTTACTAACTGATAGAAATTTCAATACTACATTCTTTGATCCTGCAGGTGGAGGTGATCCTGTATTGTATCAGCATTTATTC
9623a5fe5b41043154f69153696e177aa6aaebc6,ATTAGCCGGAAACCTAGCTCACGCCGGAGCTTCTGTAGATTTAGCTATCTTCTCTCTCCACCTAGCGGGCGTATCATCCATCCTAGGGGCTATTAACTTCATTACCACCATTATTAATATAAAACCACCAGCCCTGTCTCAATATCAAACACCACTGTTCGTTTGATCCGTAATAATTACAGCAGTCCTCCTTCTCCTTTCACTACCAGTCTTAGCAGCTGGCATTACAATACTTCTAACAGACCGAAACCTGAACACAACATTCTTTGACCCTGCAGGAGGTGGAGACCCAATCCTATATCAACATCTTTTC
96c7f5f63873a6eb9807cc73724190ff7c50080f,ATTAGCCGGAAATCTAGCCCATGCTGGGGCTTCTGTAGATTTAGCTATCTTCTCCCTCCACCTAGCAGGTGTGTCATCCATTCTAGGGGCAATTAATTTCATCACCACAATTATCAATATGAAACCCCCAGCCTTATCTCAGTACCAAACCCCACTATTCGTTTGATCCGTAATAATTACAGCAGTCCTTCTTCTCCTATCACTGCCAGTCTTAGCAGCTGGCATCACAATGCTTCTAACAGACCGAAACCTGAATACAACATTTTTCGATCCTGCCGGAGGCGGGGACCCAATCCTGTATCAACATCTCTTC
9827462eaf4177de6c4f73ffe2a8b8c3432c7b99,ATTAGCCGGAAATCTAGCCCATGCTGGGGCTTCTGTAGATTTAGCTATCTTCTCCCTCCACCTAGCAGGTGTGTCATCCATTCTAGGGGCAATTAATTTCATCACCACAATTATCAATATGAAACCCCCAGCCTTATCTCAGTACCAAACCCCACTATTCGTTTGATCCGTAATAATTACAGCAGTCCTCCTTCTCCTTTCACTACCAGTCTTAGCAGCTGGCATTACAATACTTCTAACAGACCGAAACCTGAACACAACATTCTTTGACCCTGCAGGAGGTGGAGACCCAATCCTATATCAACATCTTTTC
9925684cd5cce61407aadbe42328d90834a2d6b9,ATTAGCCGGAAACCTAGCTCACGCTGGAGCTTCTGTAGATTTAGCTATCTTCTCTCTCCACCTAGCGGGCGTATCATCCATCCTAGGGGCTATTAACTTCATTACCACCATTATTAATATAAAACCACCAGCCCTGTCTCAATATCAAACACCACTGTTCGTTTGATCCGTAATAATTACAGCAGTCCTCCTTCTCCTTTCACTACCAGTCTTAGCAGCTGGTATCACAATGCTTCTAACAGACCGAAACCTGAACACAACATTTTTCGATCCTGCCGGGGGCGGAGACCCAATCCTATATCAACATCTTTTC
99dd62fa68b371af40b1495b9224664f7ba5d584,CCTAGCCGGAAACCTAGCCCACGCCGGGCCATCCGTAGATTTAACTATCTTCTCTCTACACTTAGCCGGAGTATCTTCCATCCTCGGAGCAATTAACTTTATTACAACAGCAATCAACATAAAACCCCCAGCAATATCCCAATACCAAACACCACTATTTGTGTGATCCGTCCTAATTACAGCTGTACTTCTCCTACTATCCCTACCAGTACTAGCTGCTGGAATTACAATACTACTCACAGACCGCAACTTAAACACAACCTTCTTTGACCCCGCAGGGGGAGGAGATCCCATCCTATACCAACACCTCTTC
9a855dd0500e475fb71c7ec726f1146105c5bcfc,TCTAAGTCATATTACGAGCCACTCTGGTGGTGCAGTTGATTTAGCTATTTTCAGTTTACATTTATCTGGAGCGAGCAGTATTTTAGGGGCGATTAACTTTATTACCACTATCTTTAACATGCGTGGGCCTGGTCTGGGCTTCCATCGCTTACCTTTATTTGTGTGGTCTGTTCTGATTACGGCCTTCTTACTTCTTCTCCCTTTACCGGTTTTAGCGGGAGCGATTACGATGCTGTTAACGGATCGTAACTTCAATACCTCGTTCTTTGATCCGGCGGGCGGAGGTGACCCTATTTTGTTCCAGCACCTTTTT
a05017497332004235f6fa81d184f9b41fbe046e,ATTAGCCGGAAACCTAGCTCACGCTGGAGCTTCTGTAGATTTAGCTATCTTCTCTCTCCACCTAGCGGGCGTATCATCCATCCTAGGGGCTATTAACTTCATTACCACCATTATTAATATAAAACCACCAGCCCTGTCTCAATATCAAACACCACTGTTCGTTTGATCCGTAATAATTACAGCAGTCCTCCTTCTCCTTTCACTACCAGTCTTAGCAGCTGGCATTACAATACTTCTAACGGACCGAAACCTGAACACAACATTCTTTGACCCTGCAGGAGGTGGAGACCCAATCCTATATCAACATCTTTTC
a129d43d07f3c2a9a232859f9434fdba6b5fb93a,TTTCTACTCCTACTGGCATCATCAACCGTCGAAGCCGGAGCAGGAACTGGATGAACTGTTTATCCGCCCCTAGCAGGTAACCTCGCCCACGCTGGAGCCTCTGTTGACCTCGCCATCTTCTCACTACACCTAGCTGGTGTTTCTTCTATCCTAGGTGCAATCAACTTTATTACAACAGCCATTAACATAAAACCCCCAGCCCTTTCACAATACCAAACCCCTCTATTCGTGTGATCAGTCCTAATCACCGCCATCCTACTACTACTATCACTCCCAGTACTCGCTGCAGGTATTACCATGCTCCTCACGGACCGAAATCTCAATACCACATTCTTTGATCCCGCGGGAGGAGGAGACCCCGTCCTATACCAACACCTCTTC
a1f4ba4a66a8ca6818b4198c2efd7bf3813d44e9,ATTAGCCGGAAACCTAGCTCACGCTGGAGCTTCTGTAGATTTAGCTATCTTCTCTCTCCACCTAGTGGGCGTATCATCCATCCTAGGGGCTATTAACTTCATTACCACCATTATTAATATAAAACCACCAGCCCTGTCTCAATATCAAACACCACTGTTCGTTTGATCCGTAATAATTACAGCAGTCCTCCTTCTCCTTTCACTACCAGTCTTAGCAGCTGGCATTACAATACTTCTAACAGACCGAAACCTGAACACAACATTCTTTGACCCTGCAGGAGGTGGAGACCCAATCCTATATCAACATCTTTTC
a2b2cf9845e69cf08deed6fa356e33718dc2e619,ATTAGCAAGTATTGCATTCCACTCAGGAGGAGCAGTTGATTGTGCAATTTTCGCTCTTCACGTTGCAGGAGCTTCTTCTATTCTTGGAGCAGTAAACTTTATTACAACTGTAATGAACATGCGAGCTCCAGGAATTAGTCTTCACCGAATGCCTCTATTCGTATGAAGTGTTTTTGTAACTGTTGTACTTCTTCTATTAGCTGTACCTGTACTTGCAGGAGCAATTACGATGCTATTAACAGATCGAAACTTTAACACAACTTTCTTTGACCCCGCAGGTGGAGGAGATCCTGTATTGTATCAACACCTATTT
a378b6e3942ef4f7423c1e31bde6573fdb4f8307,TGCCCTCCAAGTTTCAGAATTCAGGGTTTTTGAACAGTACCTGATGGGATGGAAGAGTTCTTGGCTTTAGTCCTTGCTCCCAGTGCAGAGAACAGAATTTTGTCCAGTGGAAACCTTAAAACTGTCCTTGCAGTATGGCTGACTTCCGCGCTCTCATAAGCCTTACCTATGAGAGTTCATGTAGATTACTCGTGCCCTTAACCACTGAAGCTCGGCTTTTTGATAGCAGTCCTACTGCTCTGC
a4d2377796720d28ccf97b926222910423e6add3,TGATTTTTTGGCCACCATTATTAATATAAAACCACCAGCCCTGTCTCAATATCAAACACCACTGTTCGTTTGATCCGTAATAATTACAGCAGTCCTCCTTCTCCTTTCACTACCAGTCTTAGCAGCTGGCATTACAATACTTCTAACAGACCGAAACCTGAACACAACATTCTTTGACCCTGCAGGAGGTGGAGACCCAATCCTATATCAACATCTTTTC
a5413219c36023847b507076fc589f5ceffadf8f,ATTAGCCGGAAACCTAGCTCACGCTGGAGCTTCTGTAGATTTAGCTATCTTCTCTCTCCACCTAGCGGGCGTATCATCCATCCTAGGGGCTATTAACTTCATTACCACCATTATTAATATAAAACCACCAGCCCTGTCTCAATATCAAACACCACTGTTCGTTTGATCCGTAATAATTACAGCAGTTCTCCTTCTCCTTTCACTACCAGTCTTAGCAGCTGGTATTACAATACTTCTAACAGACCGAAACCTGAACACAACATTCTTTGACCCTGCAGGAGGTGGAGACCCAATCCTATATCAACATCTTTTC
a612028b06f73fddee609757af9b8f354b8c0a38,ATTAGCCGGAAACCTAGCTCACGCTGGAGCTTCTGTAGATTTAGCTATCTTCTCTCTCCACCTAGCGGGCGTATCATCCATCCTAGGGGCTATTAACTTCATTACCACCATTATTAATATAAAACCACCAGCCCTGTCTCAATATCAAACACCACTGTTCGTTTGATCCGTAATAATTACAGCAGTCCTCCTTCTCCTTTCACTACCAGTCTTAGCAGCTGGCATTACAATACTTCTAACAGACCGAAACCTGAACACAACATTCTTTGACCCTGCAGGGGGTGGAGACCCAATCCTATATCAACATCTTTTC
a917c458cf109fdef7f2ac32525f4f143d1ed4fb,ATTAGCCGGAAACCTAGCCCACGCTGGAGCTTCTGTAGATTTAGCTATCTTCTCTCTCCACCTAGCGGGCGTGTCATCCATCCTAGGGGCTATCAACTTCATTACTACTATTATTAATATAAAACCACCAGCCCTGTCTCAATATCAAACACCACTGTTCGTTTGATCCGTAATAATTACAGCAGTTCTCCTTCTCCTTTCACTACCAGTCTTAGCAGCTGGCATTACAATACTTCTAACAGACCGAAACCTGAACACAACATTCTTTGACCCTGCCGGAGGTGGAGACCCAATCCTATACCAACATCTTTTC
a9285252192f35df13af3df24c534662cf028ae9,TTGTCAAGTGCAACAGCACATTCGGGAGGTTCTGTGGATTTAGCTATTTTTAGTTTGCATTTATCCGGTGCGTCTTCTATTTTAGGCGCAATCAATTTTATTTGTACAATCTTTAATATGCGAGTAAAAAGTTTATCTTTTCATAATTTACCATTATTCGTGTGATCTGTTTTAATTACTGCATTTTTATTATTGATATCGCTTCCGGTATTAGCAGGAGCAATTACAATGCTATTAACAGATAGAAATTTTAATACAACTTTTTTTGATCCTGCAGGAGGTGGTGATCCAGTTTTATTTCAACATCTTTTC
a9be803abf8bb02f51b9b983ba8ec47d11c00043,ATTAGCCGGAAACCTAGCTCACGCTGGAGCTTCTGTAGATTTAGCTATCTTCTCTCTCCACCTAGCGGGCGTATCATCCATCCTAGGGGCTATTAACTTCATTACCACCATTATTAATATAAAACCACCAGCCCTGTCTCAATATCAAACACCACTGTTCGTTTGATCCGTAATAATTACAGCAGTCCTCCTTCTCCTTTCACTACCAGTCTTAGCAGCTGGCATTACAATACTTCTAGCAGACCGAAACCTGAACACAACATTCTTTGACCCTGCAGGAGGTGGAGACCCAATCCTATATCAACATCTTTTC
a9c63ddaa12480c97e8b2d127d0395609b4329e1,ATTAGCTGGAAATCTGGCCCACGCTGGGGCTTCAGTAGATTTAGCTATCTTCTCCCTCCACCTAGCAGGTGTATCATCCATTCTAGGGGCAATTAATTTCATTACCACGATTATCAACATGAAACCCCCAGCCTTATCTCAATATCAAACCCCACTATTCGTTTGATCCGTAATAATTACAGCAGTCCTTCTTCTCCTTTCACTACCAGTCTTAGCAGCTGGCATTACAATACTTCTAACAGACCGAAACCTGAACACAACATTCTTTGACCCTGCAGGAGGTGGAGACCCAATCCTATATCAACATCTTTTC
a9f1c22b60303c674a99e4e7c3699fe2b02b36c9,ATTAGCCGGAAACCTAGCTCACGCTGGAGCTTCTGTAGATTTAGCTATCTTCTCTCTCCACCTAGCGGGCGTATCATCCACCCTAGGGGCTATTAACTTCATTACCACCATTATTAATATAAAACCACCAGCCCTGTCTCAATATCAAACACCACTGTTCGTTTGATCCGTAATAATTACAGCAGTCCTCCTTCTCCTTTCACTACCAGTCTTAGCAGCTGGCATTACAATACTTCTAACAGACCGAAACCTGAACACAACATTCTTTGACCCTGCAGGAGGTGGAGACCCAATCCTATATCAACATCTTTTC
aace663aa36fed99f026ec5eeafb498eae1533a8,ATTAGCGAGTGTACAAGCACACTCTGGTCCATCAGTAGACTTAGCTATTTTTAGTCTACACCTAGGTGGTACTTCATCTATTTTAGGTGCTGTTAACTTTATTACCACCATTATTAACATGCGTAGTCCAGGTATGACTATGCATAAATTACCACTTTTTGTTTGGTCAGTATTAATTACTGCTGTACTTCTATTATTATCATTACCTGTTTTAGCTGGTGCGATTACTATGCTATTAACTGATCGTAATTTTAATACTACTTTCTTTGATCCAGCTGGAGGAGGAGATCCTGTTTTATATCAGCATCTTTTC
aae93dd3113b927014cf2f2b68ffe3b87c54002f,CCTTGCGTCAAATGTGTCACATGCAGGAAGATCTGTTGATTTATCAATTTTCAGTCTACATTCAGCAGGAGCATCTTCAATCTTAGGCGCAGTAAACTTCATTACAACAATTATTAATATACGTACCGCTGGAATATCTTGAGATCGAACCCCATTATTTGTTTGATCGGTGTTTTTAACCGCAATCTTATTACTACTATCACTACCAGTATTAGCTGGGGCTATTACAATACTATTGACAGATCGGAACTTAAATACATCATTTTTTGATCCAGCAGGAGGAGGGGATCCAATTTTATATCAACATCTTTTC
abd67d2f55e04cb6ebaab1a69d271e8d3bab4a0d,CATCTTTCACACTACTACTCTCCTCAGCCTGCATCGAAGCAGGTGCTGGTACAGGATGAACTGTATACCCCCCCTAGCAGGTAACCTCGCCCACGCTGGAGCCTCTGTTGACCTCGCCATCTTCTCACTACACCTAGCTGGTGTTTCTTCTATCCTAGGTGCAATCAACTTTATTACAACAGCCATTAACATAAAACCCCCAGCCCTTTCACAATACCAAACCCCTCTATTCGTGTGATCAGTCCTAATCACCGCCATCCTACTACTACTATCACTCCCAGTACTCGCTGCAGGTATTACCATGCTCCTCACGGACCGAAATCTCAATACCACATTCTTTGATCCCGCGGGAGGAGGAGACCCCGTCCTATACCAACACCTCTTC
ad7fa2b7302e10434dfe3a462e3ec0559457c436,ATTAGCCGGAAACCTAGCTCACGCTGGAGCTTCTGTAGATTTAGCTATCTTCTCTCTCCACCTAGCGGGCGTATCATCCATCCTAGGGGCTATTAACTTCATTACCACCATTATTAATATAAAACCACCAGCCCTGTCTCAATATCAAACACCACTGTTCGTTTGATCCGTAATAATTACAGCAGTCCTCCTTCTCCTTTCACTACCAGTCTTAGCAGCTGGCATTACAATACTTCTAACAGACCAAAACCTGAACACAACATTCTTTGACCCTGCAGGAGGTGGAGACCCAATCCTATATCAACATCTTTTC
adcf47105d2d835d590635f227380d4c703175fa,ACTCTCTTCCAAGAAATACTCTTCCAGCTTTAATATGGATATTACTATTTTATCAGTTCTTTCAATAGCAACAGCGTCGCTAATTAGTACCACTAATTTGATATCAACCTATAGGTATATGCGGGGGGCTTCCATGAAAGCAGACTATAGGTTTATACCTCTTTCTGTTTACGGTACCCTTTTTGGGGCGCTCCTATTTACATTTGCCGCACCTGTTTTAGGCATAGCTATGTTTATGCTCTATTTTGATAGACATGGTATTACAAATTTTTTTAATGTAGCCAAAGGGGGTGACGTAGTTCTATACCAACACCTTTTT
af056d9ce84e33131f74186572c3a58187a692d0,ATTAGCCGGAAACCTAGCTCACGCTGGAGCTTCTGTAGATTTAGCTATCTTCTCCCTCCACCTAGCAGGTGTATCATCCATTCTAGGGGCAATTAATTTCATTACCACGATTATCAACATGAAACCCCCAGCCTTATCTCAATATCAAACCCCACTATTCGTTTGATCCGTAATAATTACAGCAGTCCTCCTTCTCCTTTCACTACCAGTCTTAGCAGCTGGCATTACAATACTTCTAACAGACCGAAACCTGAACACAACATTCTTTGACCCTGCAGGAGGTGGAGACCCAATCCTATATCAACATCTTTTC
b2b448f370575b462d2c139d0ef8ebd73a7001b5,ATTATCAAGTATTACTGCGCATTCTGGAGGATCAGTAGATTTAGCAATTTTCAGTTTACATTTATCGGGAGCTTCATCTATATTAGGTGCTATAAATTTTATTTGCACCATTTTTAATATGAGAACAAAAAGTTTATCACTTCATAAATTACCTTTATTCGTTTGGTCTGTTTTAATCACAGCATTTTTATTATTACTGTCGTTACCTGTTTTAGCAGGAGCTATTACAATGCTTTTAACAGATAGAAATTTCAATACAACTTTTTTTGACCCTGCTGGAGGAGGAGATCCTGTCTTATATCAACATTTATTT
b5d9ddda9bb5187a7b6ee2eb3d0308776ece5460,ATTAGCCGGAAACCTAGCTCACGCTGGAGCTTCTGTAGATTTAGCTATCTTCTCTCTCCACCTAGCGGGCGTATCATCCATCCTAGGGGCTATTAACTTCATTACCACCATTATTAATATAAAACCACCAGCCCTGTCTCAATATCAAACACCACTGTTCGTTTGATCCGTAATAATTACAGCAGTCCTCCTTCTCCTTTCACTGCCAGTCTTAGCAGCTGGCATTACAATACTTCTAACAGACCGAAACCTGAACACAACATTCTTTGACCCTGCAGGAGGTGGAGACCCAATCCTATATCAACATCTTTTC
ba7464204c4107a3e012f236e3cdcf5c1d9abe79,ATTAGCCGGAAACCTAGCTCACGCTGGAGCTTCTGTAGATTTAGCTATCTTCTCTCTCCACCTAGCGGGCGTATCATCCATCCTAGGGGCTATTAACTTCATTACCACCATTATTAATATAAAACCACCAGCCCTGTCTCAATATCAAACACCACTGTTCGTTTGATCCGTAATAATTACAGCAGTCCTCCTTCTCCTTTCACTACCAGTCTTAGCAGCTGGTATCACAATGCTTCTAACAGACCGAAACCTGAACACAACATTTTTCGATCCTGCCGGGGGCGGAGACCCAGTCCTATATCAACATCTCTTC
bbef894d4da888b8df33f9c82ee8b94d41fb31f6,ATTAGCCGGAAACCTAGCTCACGCTGGAGCTTCTGTAGATTTAGCTATCTTCTCCCTCCACCTAGCAGGTGTATCATCCATTCTAGGGGCAATTAATTTCATTACCACGATTATCAACATGAAACCCCCAGCCTTATCTCAATATCAAACCCCACTATTCGTTTGATCCGTAATAATTACAGCAGTCCTTCTTCTCCTTTCACTACCAGTCTTAGCAGCTGGCATTACAATACTTCTAACAGACCGAAACCTGAACACAACATTCTTTGACCCTGCAGGAGGTGGAGACCCAATCCTATATCAACATCTTTTC
bcd7f172062c35684296256846dc57adb70fac6e,ATTAGCCGGAAACCTAGCTCACGCTGGAGCTTCTGTAGATTTAGCTATCTTCTCTCTCCACCTAGCGGGCGTATCATCCATCCTAGGGGCTATTAACTTCATTACCACCATTATTAATATAAAACCACCAGCCCTGTCTCAATATCAAACACCACTGTTCGTTTGATCCGTAATAATTACAGCAGTCCTCCTTCTCCTTTCACTACCAGTCTTAGCAGCTGGCATTACAATACTTCTAACAGACCGAAACCTGAACACAACATTTTTCGATCCTGCCGGGGGCGGAGACCCAATCCTATATCAACATCTTTTC
bd768f8eeee38f87254990605ac3aebb54c1d6d0,ATTAGCCGGAAACCTAGCTCACGCTGGAGCTTCTGTAGATTTAGCTATCTTCTCTCTCCACCTAGCGGGCGTATCATCCATCCTAGGGGCTATTAACTTCATTACCACCATTATTAATATAAAACCACCAGCCCTGTCTCAATATCAAACACCACTGTTCGTTTGATCCGTAATAATTACAGCAGTCCTCCTTCTCCTTTCACTACCAGTCTTAGCAGCTGGCATTACAATACTTCTAACAGACCGAAACCTGAACACAACATTCTTTGACCCTGCAGGAGGTGGAGACCCAATCCTATATCAACATCTCTTC
befb5ace1b09341547afb6d15d4f9af743b279e5,ATTAGCCGGAAACCTAGCTCACGCTGGAGCTTCTGTAGATTTAGCTATCTTCTCTCTCCACCTAGCGGGCGTATCATCCATCCTAGGGGCTATTAACCTCATTACCACCATTATTAATATAAAACCACCAGCCCTGTCTCAATATCAAACACCACTGTTCGTTTGATCCGTAATAATTACAGCAGTCCTCCTTCTCCTTTCACTACCAGTCTTAGCAGCTGGCATTACAATACTTCTAACAGACCGAAACCTGAACACAACATTCTTTGACCCTGCAGGAGGTGGAGACCCAATCCTATATCAACATCTTTTC
bf34e45ad7bf05689301247c894737be01a34c0d,ATTAGCCGGAAACCTAGCTCACGCTGGAGCTTCTGTAGATTTAGCTATCTTCCCTCTCCACCTAGCGGGCGTATCATCCATCCTAGGGGCTATTAACTTCATTACCACCATTATTAATATAAAACCACCAGCCCTGTCTCAATATCAAACACCACTGTTCGTTTGATCCGTAATAATTACAGCAGTCCTCCTTCTCCTTTCACTACCAGTCTTAGCAGCTGGCATTACAATACTTCTAACAGACCGAAACCTGAACACAACATTCTTTGACCCTGCAGGAGGTGGAGACCCAATCCTATATCAACATCTTTTC
c09a407b38516f48a5cd26e3e143d4e562b24921,ATTAGCCGGAAACCTAGCTCACGCTGGGGCTTCTGTAGATTTAGCTATCTTCTCTCTCCACCTAGCGGGCGTATCATCCATCCTAGGGGCTATTAACTTCATTACCACCATTATTAATATAAAACCACCAGCCCTGTCTCAATATCAAACACCACTGTTCGTTTGATCCGTAATAATTACAGCAGTCCTCCTTCTCCTTTCACTACCAGTCTTAGCAGCTGGCATTACAATACTTCTAACAGACCGAAACCTGAACACAACATTCTTTGACCCTGCAGGAGGTGGAGACCCAATCCTATATCAACATCTTTTC
c0c953731e508682f3e93e0fcb55111ab15d0dde,ATTAGCCGGAAACCTAGCTCACGCTGGAGCTTCTGTAGATTTAGCTATCTTCTCTCTCCACCTAGCGGGCGTATCATCCATCCTAGGGGCTATTAACTTCATTACCACCATTATTAATATAAAACCACCAGCCCTGTCTCAATATCAAACACCACTGTTCGTTTGATCCGTAATAATTACAGCAGTTCTCCTTCTCCTTTCACTACCAGTCTTAGCAGCTGGCATTACAATACTTCTAACAGACCGAAACCTGAACACAACATTCTTTGACCCTGCCGGAGGTGGAGACCCAATCCTATACCAGCATCTTTTC
c144ac2d9ed5a074f2d13c539a83b8423cee3886,TTAGTTCGATTGTTGCCCACAGCGATATATCTGTTGATTTTGTAATTGTATCTTTGCATGTTGCCGGTTTGTCGTCTCTGATAAGTAGTTTGAATATAATTGTAACGATTTTTACGATACGCGCGCCCGGTTTGTCATTTCATAAAATACCTCTTTTTGTATGGTCGATTTTAGTTACTTCGTTTTTGTTACTGTTGTCTTTGCCTGTTTTGGCCAGCGCGCTAACAATGCTTTTAACTGATCGAAATTTTAATACAACTTTTTTTGATGTAATTGGCGGAGGTGATCCTATTTTATATCAGCATCTTTTT
c1afad0667774011a777217edd5098f0be13d0ad,ATTAGCCGGAAACCTAGCTCACGCTGGAGCTTCTGTAGATTTAGCTATCTTCTCTCTCCACCTAGCGGGCGTATCATCCATCCTAGGGGCTATTAACTTCATTACCACCATTATTAATATAAAACCACCAGCCCTGTCTCAATATCAAACACCACTGTTCGTTTGATCCGTAATAATTACAGCAGTCCTCCTTCTCCTTTCACTACCAGTCTTAGCAGCTGGCATTACAATACTTCTAACAGGCCGAAACCTGAACACAACATTCTTTGACCCTGCAGGAGGTGGAGACCCAATCCTATATCAACATCTTTTC
c2a678dd1ed0786fb373c0fa0fcc36b3e19e919e,ATTAGCCGGAAACCTAGCTCACGCTGGAGCTTCCGTAGATTTAGCTATCTTCTCTCTCCACCTAGCGGGCGTATCATCCATCCTAGGGGCTATTAACTTCATTACCACCATTATTAATATAAAACCACCAGCCCTGTCTCAATATCAAACACCACTGTTCGTTTGATCCGTAATAATTACAGCAGTCCTCCTTCTCCTTTCACTACCAGTCTTAGCAGCTGGCATTACAATACTTCTAACAGACCGAAACCTGAACACAACATTCTTTGACCCTGCAGGAGGTGGAGACCCAATCCTATATCAACATCTTTTC
c5d2940c0756f4b049eb7d501461c01259a1ad8e,ATTAGCCGGAAACCTAGCTCACGCTGGAGCTTCTGTAGATTTAGCTATCTTCTCTCTCCACCTAGCGGGCGTATCATCCATCCTAGGGGCTATTAACTTCATTACCACCATTATTAATATAAAACCACCAGCCCTGTCTCAATATCAAACACCACTGTTCGTTTGATCCGTAATAATTACAGCAGTCCTCCTTCTCCTTTCACTACCAGTCTTAGCAGCTGGCGTTACAATACTTCTAACAGACCGAAACCTGAACACAACATTCTTTGACCCTGCAGGAGGTGGAGACCCAATCCTATATCAACATCTTTTC
c639081611a076532f6113416bad41819e04e14f,ATTAGCCGGAAACCTAGCTCACGCTGGAGCTTCTGTAGATTTAGCTATCTTCTCTCTCCACCTAGCGGGCGTATCATCCATCCTAGGGGCTATTAACTTCATTACCACCATTATTAATATAAAACCACCAGCCCTGTCTCAATATCAAACACCACTGTTCGTTTGATCCGTAATAATTACAGCAGTCCTCCTTCTCCTTTCACTACCAGTCTTAGCAGCTGGCATTACAATACTTCTAACAGACCGAAACCTGGACACAACATTCTTTGACCCTGCAGGAGGTGGAGACCCAATCCTATATCAACATCTTTTC
c66a83620df7b94d8386b38eb82ea28fbb373437,ATTATCAGGTCCTCAAACACATTCAGGAGGTTCTGTAGATATGGCTATATTTAGTTTACATTGTGCAGGTGCATCATCTATTATGGGTGCAATAAATTTTATAACAACCATATTTAATATGAGGGCTCCTGGATTAACACTAGATAAATTACCTTTATTTGTTTGATCTGTATTAATCACAGCATTTTTATTATTACTATCTCTACCAGTTTTAGCAGGGGCAATAACAATGTTACTAACAGATAGAAATTTTAATACTACTTTTTTTGATCCAGCAGGTGGAGGAGATCCAGTTTTATACCAACATTTATTT
c6ffba7c1b08c2f24221eef21302e16c9da37036,ATTAGCCGGAAACCTAGCTCACGCTGGAGCTTCTGTAGATTTAGCTATCTTCTCCCTCCACCTAGCAGGTGTGTCATCCATTCTAGGGGCAATTAATTTCATCACCACAATTATCAATATGAAACCCCCAGCCTTATCTCAGTACCAAACCCCACTATTCGTTTGATCCGTAATAATTACAGCAGTCCTTCTTCTCCTATCACTGCCAGTCTTAGCAGCTGGCATCACAATGCTTCTAACAGACCGAAACCTAAATACAACATTTTTCGATCCTGCCGGAGGCGGGGACCCAATCCTATATCAACATCTTTTC
cc3fbc37f8181e20892bbd63a86b973f1abbc820,CATCTTTCACACTACTACTCTCCTCAGCCTGCATCGAAGCAGGTGCTGGAACAGGGTGAACCGTCTACCCTCCCCTAGCCGGAAACCTAGCCCACGCCGGGCCATCCGTAGATTTAACTATCTTCTCTCTACACTTAGCCGGAGTATCTTCCATCCTCGGAGCAATTAACTTTATTACAACAGCAATCAACATAAAACCCCCAGCAATATCCCAATACCAAACACCACTATTTGTGTGATCCGTCCTAATTACAGCTGTACTTCTCCTACTATCCCTACCAGTACTAGCTGCTGGAATTACAATACTACTCACAGACCGCAACTTAAACACAACCTTCTTTGACCCCGCAGGGGGAGGAGATCCCATCCTATACCAACACCTCTTC
ce05a90d6b91814fd8ec45a6459b399631e8d38c,ATTAGCCGGAAACCTAGCTCACGCTGGAGCTTCTGTAGATTTAGCTATCTTCTCTCTCCACCTAGCGGGCGTATCATCCATCCTAGGGGCTATTAACTTCATTACCACCATTATTAATATAAAACCACCAGCCCTGTCTCAATATCAAACACCACTGTTCGTTTGATCCGTAATAATTACAGCAGTCCTCCTTCTCCTTTCGCTACCAGTCTTAGCAGCTGGCATTACAATACTTCTAACAGACCGAAACCTGAACACAACATTCTTTGACCCTGCAGGAGGTGGAGACCCAATCCTATATCAACATCTTTTC
ce60b6e057bb78385923f55b3e2984379b8e2117,ATTAGCCGGAACAGGATGAACTGTATACCCCCCATTAGCCGGAAACCTAGCTCACGCTGGAGCTTCTGTAGATTTAGCTATCTTCTCTCTCCACCTAGCGGGCGTATCATCCATCCTAGGGGCTATTAACTTCATTACCACCATTATTAATATAAAACCACCAGCCCTGTCTCAATATCAAACACCACTGTTCGTTTGATCCGTAATAATTACAGCAGTCCTACTTCTCCTTTCACTACCAGTCTTAGCAGATGGCATTACAATACTTCTAACAGACCGAAACCTGAACACAACATTCTTTGACCCTGCAGGAGGTGGAGACCCAATCCTATATCAACATCTTTTC
d03ced65f7ac9ef56215c3bcc013090064560719,ATTAGCTGGAAATCTGGCCCACGCTGGGGCTTCAGTAGATTTAGCTATCTTCTCCCTCCACTTAGCAGGTGTATCATCCATTCTAGGGGCAATTAATTTCATTACCACGATTATCAACATGAAACCCCCAGCCTTATCTCAATATCAAACCCCACTATTCGTTTGATCCGTAATAATTACAGCAGTCCTTCTTCTCCTTTCACTACCAGTCTTAGCAGCTGGTATCACAATGCTTCTAACAGACCGAAACCTGAACACAACATTTTTCGATCCTGCCGGGGGCGGAGACCCAATCCTATATCAACATCTCTTC
d08e52b9d7d90f1341c8f1de2528593faaba434d,TTTGTCTGGCATTCAAGCTCATTCAGGCGGTTCTGTTGATTGCGCAATTTACTCGTTGCATTTAGCCGGTGTTTCTTCAATTTTAGGCGCAATTAATTTTATTGTAACAATAACTAATATGCGTGTACCTGGACTATCTGCTAATCGAACGCCTCTTTTTGTTTGAGCTGTTTATATTACAGCGTTTTTATTGTTACTTTCTTTACCCGTTTTAGCTGGTGCAATTACGATGTTGCTAACTGATCGTAATTTTAACACTACATTTTTTGATCCTGCTGGAGGAGGAGACCCTATTTTATATCAACATTTATTC
d183ae3ff260bcac8e9c84a695f9af2319d6f998,ATTAGCCGGAAACCTAGCTCACGCTGGAGCTTCTGTAGATTTAGCTATCTTCTCTCCCCACCTAGCGGGCGTATCATCCATCCTAGGGGCTATTAACTTCATTACCACCATTATTAATATAAAACCACCAGCCCTGTCTCAATATCAAACACCACTGTTCGTTTGATCCGTAATAATTACAGCAGTCCTCCTTCTCCTTTCACTACCAGTCTTAGCAGCTGGCATTACAATACTTCTAACAGACCGAAACCTGAACACAACATTCTTTGACCCTGCAGGAGGTGGAGACCCAATCCTATATCAACATCTTTTC
d2a42a98541455cb85b0e51e0076806f1a28e760,TTTAAGTGCTATAGCCTCAGATGCATCTGTAGATTTTGCTATTTTTAGTTTACATTTAGCTGGTGTTTCTTCAATATTAGGAGCCATAAATTTTATTGTAACTATATTTAATATGAGAGTTCCTGGTATGAAAATGAACTTAATACCTTTATTTACTTGAGCCGTACTTATTACAGCTTTTCTTTTATTAATATCTTTACCAGTATTAGCTGCGGGTATTACAATGTTACTTACTGACAGAAATTTCATAGTGCTTTCTTCAATCCTTCTGGTGGTGGGGATCCTATATTATTTCAACATTTATTT
d2d01f1d3351849036b7228e22e218ac002c7cdf,ATTAGCCGGAAACCTAGCTCACGCTGGAGCTTCTGTAGATTTAGCTATCTTCTCTCTCCACCTAGCGGGCGTATCATCCATCCTAGGGGCTATTAACTTCATTACCACCATTATTAATATAAAACCACCAGCCCTGTCTCAATATCAAACACCACTGTTCGTTTGATCCGTAATAATTACAGCAGTCCTCCTTCTCCTTTCACTACCAGCCTTAGCAGCTGGCATTACAATACTTCTAACAGACCGAAACCTGAACACAACATTCTTTGACCCTGCAGGAGGTGGAGACCCAATCCTATATCAACATCTTTTC
d404de486e162e6c21c58773d7a73d86364316a6,ATTAGCCGGAAACCTAGCTCACGCTGGAGCTTCTGTAGATTTAGCTATCTTCTCTCTCCACCTAGCGGGCGTATCATCCATCCTAGGGGCTATTAACTTCATTACCACCATTATTAATATAAAACCACCAGCCCTGTCTCAATATCAAACACCACTGTTCGTTTGATCCGTAATAATTACAGCAGTCCTCCTTCTCCTTTCACTACCAGTCTTAGCGGCTGGCATTACAATACTTCTAACAGACCGAAACCTGAACACAACATTCTTTGACCCTGCAGGAGGTGGAGACCCAATCCTATATCAACATCTTTTC
d4346a9cf9251e0c799e43c125f2662988bc6ad5,TTTGGCAGGTATTCAAGCTCACTCAGGCGCTTCGGTTGACTTGGCTATTTTTAGTCTTCATTTGGCCGGTGTATCCTCAATTTTAGGTGCAATTAACTTCATTGTAACTATTATCAATATGAGAGCTCCGGGTATGGTGGCTCATAGGGCACCTTTGTTTGTTTGAGCTGTTTTCATAACGGCGTTCCTGTTGTTACTATCTTTGCCTGTACTTGCTGGTGCAATAACTATGCTTTTAACGGATAGAAACTTTAACACAGCATTCTTTGATCCTAACGGCGGCGGTGATCCTGTATTGTATCAGCACCTGTTC
d8f665d3179fb19462e272329db55ed1ae016390,ATTAGCCGGAAACCTAGCTCACGCTGGAGCTTCTGTAGATTTAGCTATCTTCTCTCTCCACCTAGCGGGCGTATCATCCATCCTAGGGGCTATTAACTTCATTACCACCATTATTAATATAAAACCACCAGCCCTGTCTCAATATCAAACACCACTGTTCGTTTGATCCGTAATAATTACAGCAGTTCTCCTTCTCCTTTCACTACCAGTCTTAGCAGCTGGCATTACAATACTTCTAACAGACCGAAACCTGAACACAACATTCTTTGACCCTGCCGGAGGTGGAGACCCAATCCTATACCAACATCTTTTC
db2b852e41601f0351a9ab25426d2653da1c1e85,ATTAGCTGGAAATCTGGCCCACGCTGGGGCTTCAGTAGATTTAGCTATCTTCTCCCTCCACCTAGCAGGTGTATCATCCATTCTAGGGGCAATTAATTTCATTACCACGATTATCAACATGAAACCCCCAGCCTTATCTCAATATCAAACCCCACTATTCGTTTGATCCGTAATAATTACAGCAGTCCTTCTTCTCCTTTCACTACCAGTCTTAGCAGCTGGTATCACAATGCTTCTAACAGACCGAAACCTGAACACAACATTTTTCGATCCTGCCGGGGGCGGAGACCCAGTCCTATATCAACATCTCTTC
de62689d8e81b777434e7fcaafd7691345d02718,ATTAGCTGGAAATCTGGCCCACGCTGGGGCTTCAGTAGATTTAGCTATCTTCTCCCTCCACTTAGCAGGTGTATCATCCATCCTAGGGGCTATTAACTTCATTACCACCATTATTAATATAAAACCACCAGCCCTGTCTCAATATCAAACACCACTGTTCGTTTGATCCGTAATAATTACAGCAGTCCTCCTTCTCCTTTCACTACCAGTCTTAGCAGCTGGCATTACAATACTTCTAACAGACCGAAACCTGAACACAACATTCTTTGACCCTGCAGGAGGTGGAGACCCAATCCTATATCAACATCTTTTC
dee6723e7f8627fc41b848494cc40121b5f24a6e,ATTAGCCGGAAACCTAGCTCACGCTGGAGCTTCTGTAGATTTAGCTATCTTCTCTCTCCACCTAGCGGGCGTATCACCCATCCTAGGGGCTATTAACTTCATTACCACCATTATTAATATAAAACCACCAGCCCTGTCTCAATATCAAACACCACTGTTCGTTTGATCCGTAATAATTACAGCAGTCCTCCTTCTCCTTTCACTACCAGTCTTAGCAGCTGGCATTACAATACTTCTAACAGACCGAAACCTGAACACAACATTCTTTGACCCTGCAGGAGGTGGAGACCCAATCCTATATCAACATCTTTTC
e046d6600387e4060fff50b90892529cb4dcfd89,TTAGTAGTGTACAGGCACATTCAGGTCCTGCCGTTGATTTAGCGATTTTTAGTTTACACTTGTCTGGAGCCTCTTCAATTTTAGGAGCTATCAACTTTATTACAACAATCCTAAATATGCGTGCACCTGGAATGAGTATGCACCGTTTACCTTTAATGGTTTGGTCGGTTTTCATTACCGCTATACTACTACTTTTATCTTTACCTGTTTTAGCTGGTGCAATTACCATGCTTTTAACAGATAGAAACTTTAACACAACATTTTTTGATCCTGCTGGAGGAGGAGATCCTGTATTATATCAGCACCTTTTC
e1dcf3d92ef6500fbc773ab90ad27ae19dd8b267,ATTAGCCGGAAACCTAGCTCACGCTGGAGCTTCTGTAGATTTAGCTATCTTCTCTCTCCACCTAGCGGGCGTATCATCCATCCTAGGGGCTATTAACTTCATTACCACCATTATTAATATAAAACCACCAGCCCTGTCTCAATATCAAACACCACTGTTCGTTTGATCCGTAATAATTACAGCAGTCCTCCTTCTCCTCTCACTACCAGTCTTAGCAGCTGGCATTACAATACTTCTAACAGACCGAAACCTGAACACAACATTCTTTGACCCTGCAGGAGGTGGAGACCCAATCCTATATCAACATCTTTTC
e26a583d0a6dfe0cee2b65ddd0854f32e0c55d69,ATTAGCCGGAAACCTAGCTCACGCTGGAGCTTCTGTAGATTTAGCTATCTTCTCTCTCCACCTAGCGGGCGTATCATCCATCCTAGGGGCTATTAACTTCATTACCACCATTATTAATATAAAACCACCAGCCCTGTCTCAATATCAAACACCACTGTTCGTTTGATCCGTAATAATTACAGCAGTCCTCCTTCTCCTTTCACTACCAGTCTTAGCAGCTGGCATTACAATACTTCTAACAGACCGAAACCTGAACACAACATTCTTTGACCCTGCAGGAGGTGGAGGCCCAATCCTATATCAACATCTTTTC
e2998e4251d4c7e6b9669ec890a589a201036807,ATTAGCCGGAAACCTAGCTCACGCTGGAGCTTCTGTAGATTTAGCTATCTTCTCTCTCCACCTAGCGGGCGTATCATCCATCCTAGGGGCTATTAACTTCATTACCACCATTATTAATATAAAACCACCAGCCCTGTCTCAATATCAAACACCACTGTTCGTTTGATCCGTAATAATTACAGCAGTCCTCCTTCTCCTTTCACTACCAGTCTTAGCAGCTGGTATTACAATACTCCTAACAGATCGAAACCTAAACACAACATTTTTCGATCCTGCTGGGGGTGGGGACCCAATCCTGTACCAACATCTTTTC
e2d38f84c994d87fc2659ed799c3eb8499ec7758,ATTAGCCGGAAACCTAGCTCACGCTGGAGCTTCTGTAGATTTAGCTATCTTCTCTCTCCACCTAGCGGGCGTATCATCCATCCTAGGGGCTATTAACTTCATTACCACCATTATTAATATAAAACCACCAGCCCTGTCTCAATATCAAACACCACTGTTCGTTTGATCCGTAATAATTACAGCAGTCCTCCTTCTCCTTTCACTACCAGTCTTAGCAGCTGGCATTACAATACTTCTAACAGACCGAAACCTGAACACAACATTCTTTGGCCCTGCAGGAGGTGGAGACCCAATCCTATATCAACATCTTTTC
e2dcac1f314c91eca41797cee273ef554f1092df,ATTAGCTGGAAATCTGGCCCACGCTGGGGCTTCAGTAGATTTAGCTATCTTCTCCCTCCACCTAGCAGGTGTATCATCCATTCTAGGGGCAATTAATTTCATTACCACGATTATCAACATGAAACCCCCAGCCTTATCTCAATATCAAACCCCACTATTCGTTTGATCCGTAATAATTACAGCAGTCCTTCTTCTCCTTTCACTACCAGTCTTAGCAGCTGGTATCACAATGCTTCTAACAGACCGAAACCTGAACACAACATTCTTTGACCCTGCAGGAGGTGGAGACCCAATCCTATATCAACATCTTTTC
e35fa7a74d89d55ebfb94614e2dc410eb2660c37,ATTAGCCGGAAACCTAGCTCACGCTGGAGCTTCTGTAGATTTAGCTATCTTCTCTCTCCACCTAGCGGGCGTATCATCCATCCTAGGGGCTATTAACTTCATTACCACCATTATTAATATAAAACCACCAGCCCTGTCTCAATATCAAACACCACTGTTCGTTTGATCCGTAATAATTACAGCAGTCCTCCTTCTCCTTTCACTACCAGTCTTAGCAGCTGGCATTACAATACTTCTAACAGACCGAAACCTGAACACAACATTCTTTGACCCTGCCGGAGGTGGAGACCCAATCCTATACCAGCATCTTTTC
e97f329dc9eb5fb162ca194c1963c54022c30e5e,CTAGCAGGCAACCTCGCCCACGCTGGAGCCTCTGTTGACCTCGCCATCTTCTCACTACACCTAGCTGGTGTTTCTTCTATCCTAGGTGCAATCAACTTTATTACAACAGCCATTAACATAAAACCCCCAGCCCTTTCACAATACCAAACCCCTCTATTCGTGTGATCAGTCCTAATCACCGCCATCCTACTACTACTATCACTCCCAGTACTCGCTGCAGGTATTACCATGCTCCTCACGGACCGAAATCTCAATACCACATTCTTTGATCCCGCGGGAGGAGGAGACCCCGTCCTATACCAACACCTCTTC
eadba0ac06a9ac21c470347501070e2dd80fa197,TCTCTCTAGAAACATAGCACACGCAGGAGGATCAGTAGACCTTGCTATTTTTTCTTTACACTTAGCCGGTGCCTCTTCAATTCTGGCATCTATAAACTTCATTACTACTATTATTAATATGCGAACCCCTGGAATCTCCTTTGACCGGCTTCCTTTATTTGTGTGATCAGTTTTTGTGACCGCTTTCCTTTTACTCCTGTCTCTCCCAGTTTTAGCAGGGGCAATTACAATGCTTTTAACAGACCGAAACATAAATATCACATTCTTTGACCCAGCAGGAGGAGGTGATCCTATTCTCTTTCAGCATCTTTTC
ebbe9664e520b74f01771716e6d9b77efed8938c,ATTAGCCGGAAACCTAGCTCACGCTGGAGCTTCTGTAGATTTAGCTATCTTCTCTCTCCACCTAGCGGGCGTATCATCCATCCTAGGGGCTATTAACTTCATTACCACCATTATTAATATAAAACCACCAGCCCTGTCTCAATATCAAACACCACTGTTCGTTTGATCCGCAATAATTACAGCAGTCCTCCTTCTCCTTTCACTACCAGTCTTAGCAGCTGGCATTACAATACTTCTAACAGACCGAAACCTGAACACAACATTCTTTGACCCTGCAGGAGGTGGAGACCCAATCCTATATCAACATCTTTTC
edd4782f8574db9266bc29a62c59ff0d6c53d5b6,ATTAGCCGGAAACCTAGCTCACGCTGGAGCTTCTTCAATCTTAGGTGCTATTAACTTCATTACTACTATTATGAACATGCGGGCTCCCGGTATGACTATGCACCGATTACCCTTATTCGTTTGGGCTGTTCTTATCACTGCAATCCTATTGTTACTATCATTACCTGTATTAGCAGGAGCAATTACTATGCTACTAACCGATAGAAACTTCAATACCACATTCTTCGATCCTGCAGGTGGTGGTGATCCTATTTTATACCAGCATTTATTC
ee2cd8b8b140404fd93aff809366d7c3db23eadc,ATTAGCAAGTATTGCTTTTCACTCAGGAGGAGCAGTTGACTGTGCAATTTTCGCTCTTCACGTTGCAGGAGCTTCTTCAATTCTTGGAGCAGTAAACTTTATTACGACTGTAATGAACATGCGAGCTCCAGGAATTAGCCTTCACCGAATGCCTCTATTCGTATGAAGTGTTTTTGTAACTGTTGTACTTCTTTTATTAGCGGTTCCTGTATTAGCAGGTGCGATTACTATGCTTTTAACAGATCGAAACTTCAATACAACTTTCTTTGATCCTGCTGGGGGAGGAGATCCTGTATTATATCAACATTTGTTT
f0a6900708e0dce999ff355157674a4444221adb,ATTATCTAGTGTAGTTGCTCATTCAACTCCTTCAGTGGATTTAGCTATATTTAGTTTACATTTAGCAGGAATCGCATCATTAGCAGGATCTATAAACTTTTTAACCACAATTTTTTCAATGGGAGCTAATGGTTTAAAGCATAATAGGTTACCATTATTTATTTGGGCAACCATATTTACAGCAATTTTATTAATTTTATCATTGCCTGTCCTTACAGGGGCAATTACAATGTTATTAACTGACCGAAATTTAAATACTTCATTCTTTGATCCAGAAGGTGGTGGAGATCCTGTACTTTTTCAACACATTTTT
f268b0d3b8bdaf39183155d633661990b051519e,ATTAGCCGGAAACCTAGCTCACGCTGGAGCTTCTGTAGATTTAGCTATCTTCTCTCTCCACCTAGCGGGCGTATCATCCATCCTAGGGGCTACTAACTTCATTACCACCATTATTAATATAAAACCACCAGCCCTGTCTCAATATCAAACACCACTGTTCGTTTGATCCGTAATAATTACAGCAGTCCTCCTTCTCCTTTCACTACCAGTCTTAGCAGCTGGCATTACAATACTTCTAACAGACCGAAACCTGAACACAACATTCTTTGACCCTGCAGGAGGTGGAGACCCAATCCTATATCAACATCTTTTC
f47ad0f0940041db95179e9fcdf787c31515129d,ATTAGCCGGAAACCTAGCTCACGCTGGAGCTTCTGTAGATTTAGCTATCTTCTCTCTCCACCTAGCGGGCGTATCATCCATCCTAGGGGCTATTAACTTCATTACCACCATTATTAATATAAAACCACCAGCCCTGTCTCAATACCAAACACCACTGTTCGTTTGATCCGTAATAATTACAGCAGTCCTCCTTCTCCTTTCACTACCAGTCTTAGCAGCTGGCATTACAATACTTCTAACAGACCGAAACCTGAACACAACATTCTTTGACCCTGCAGGAGGTGGAGACCCAATCCTATATCAACATCTTTTC
f4cb9cba7a080736ee70a17832c4293fb3d8f239,TCTCCGGGAATGTCGCCCATGCAGGCCCCGCTGTTGACTTAACTATTTTATCTCTCCACCTCGCTGGTGTTTCCTCCCTTATAGGAGCAATTAACTTCACTACAACTATTTTAAACAGCCGAATAGAAGGAATGCCCACAGAAAAAATACCCCTATCCATTTGATCTGTTCTTATTACCGTAGGCCTCTTAATTTTAGCTCTGCCCGTTCTAGCTGGGGCCCTAACTATACTCATTTTAGACCGTAATTGTAACACTTCCTTCTTCGAACCGACAGGAGGCGGGGACCCAATTTTATTCCAGCATCTATTC
f56cb6eb0814f7c27219b718fbe6260274fdabb5,ATTAGCCGGAAACCTAGCTCACGCTGGAGCTTCTGTAGATTTAGCTATCTTCTCTCTCCACCTAGCGGGCGTATCATCCATCCTAGGGGCTATTAACTTCATTACCACCATTATTAATATAAAACCACCAGCCCTGTCTCAATATCAAACACCACTATTCGTTTGATCCGTAATAATTACAGCAGTTCTCCTTCTCCTTTCACTACCAGTCTTAGCAGCTGGCATTACAATACTTCTAACAGACCGAAACCTGAACACAACATTCTTTGACCCTGCAGGAGGTGGAGACCCAATCCTATATCAACATCTTTTC
f6f572198335a64213b077bdf289ff0330dae3d7,ACTAGCCGGAAACCTAGCTCACGCTGGAGCTTCTGTAGATTTAGCTATCTTCTCTCTCCACCTAGCGGGCGTATCATCCATCCTAGGGGCTATTAACTTCATTACCACCATTATTAATATAAAACCACCAGCCCTGTCTCAATATCAAACACCACTGTTCGTTTGATCCGTAATAATTACAGCAGTCCTCCTTCTCCTTTCACTACCAGTCTTAGCAGCTGGCATTACAATACTTCTAACAGACCGAAACCTGAACACAACATTCTTTGACCCTGCAGGAGGTGGAGACCCAATCCTATATCAACATCTTTTC
f79d71c29856f1437af93602ffebb54abbb5fb40,ACAACAGCAATCAACATAAAACCCCCAGCAATATCCCAATACCAAACACCACTATTTGTGTGATCCGTCCTAATTACAGCTGTACTTCTCCTACTATCCCTACCAGTACTAGCTGCTGGAATTACAATACTACTCACAGACCGCAACTTAAACACAACCTTCTTTGACCCCGCAGGGGGAGGAGATCCCATCCTATACCAACACCTCTTCTGATTCTTTGGCCACCCCGAGGTCTAT
f8901d6da44574789bc2db4da314175e66216e19,ATTAAGCACTTCTTTCATGAGTTTATCACCTTCAACTACAGCTTATCTTATCTTTGGATTATTAATGTCAGGTATATCCTCATGTCTAACTTCCTTTAATGGTTTGGTCTGTTTTGATTACTGCTTTTTTATTATTATTATCTTTACCTGTTCTAGCAGGTGCTATCACAATGCTTTTAACAGATAGAAACTTTAATACTACTTTCTTTGATCCTGCTGGGGGAGGAGATCCTGTATTATACCAACATTTGTTT
f8e123bd6caabda3c4be286646f959c14ed19f1e,TATATCCTCCACCCCCTTCCCAAGCTCCAGCGTAGCAACTCTTTTTCATGGACCAGCACTCCGAGGAACAAGAGGAAGAGTCATCATGCTCTTTAGCTTTCCTTGATGCCCACTGCCCTGGCTTTTATCATCTCTCCATAAGCTCTCTACCTCTGAAGTCACATCATCCAATGAAATCACCCATTTCAGATCCTGAATGCTGATTCTTCG
fa05812d2fd35d8ddc75f51639680737c5c8f8d5,ATTAGCCGGAAACCTAGCTCACGCTGGAGCTTCTGTAGATTTAGCTATCTTCTCTCTCCACCTAGCGGGCGTATCATCCATCCTAGGGGCTATTAACTTCATTACCACCATTATTAATATAAAACCACCAGCCCTGTCTCAATATCAAACACCACTGTTCGTTTGATCCGTAATAATTACAGCAGTCCTCCTTCTCCTTTCACTACCAGTCTTAGCAGCTGGCATTACAATACTTCTAACAGACCGAAACCTGAACACAGCATTCTTTGACCCTGCAGGAGGTGGAGACCCAATCCTATATCAACATCTTTTC
fa4989fac351b8f04bab7bf1d41f7afd6cf02101,ATTAAGTAGCATTAGTGCTCACCCAGGTGGTGCAGTAGATTTAGCAATTTTTAGTTTACACGTTTCAGGTGCATCTTCAATACTTGGGGCTGTCAACTTTATTACGACAATCTTCAATATGAGATGTCCAGGTATGACAATGCATAGAGTTCCATTATTTGTATGGGCAGTATTGATTACAGCGTTTTTGTTATTATTATCATTACCTGTTCTGGCAGGTGCTATTACAATGTTACTTTGTGATCGAAATTTTAACACTACGTTCTTTGATCCTTCAGGTGGAGGGGATCCTGTATTGTACCAACATTCGTTC
fe5dae3cfadcd24600fcca5caf05436104e7a7d2,ATTAGCCGGAAACCTAGCTCACGCTGGAGCCTCTGTAGATTTAGCTATCTTCTCTCTCCACCTAGCGGGCGTATCATCCATCCTAGGGGCTATTAACTTCATTACCACCATTATTAATATAAAACCACCAGCCCTGTCTCAATATCAAACACCACTGTTCGTTTGATCCGTAATAATTACAGCAGTCCTCCTTCTCCTTTCACTACCAGTCTTAGCAGCTGGCATTACAATACTTCTAACAGACCGAAACCTGAACACAACATTCTTTGACCCTGCAGGAGGTGGAGACCCAATCCTATATCAACATCTTTTC
ff076437490e472d097de328ca9f28f7550f0746,AAAATGATTAAAATAATTTCACAATCAAGATTCCCATCCCTGGAAGATAATAGTAGCAAGAAATTTTGTGGATAAAGGAAGTTTAATGGAGGATGAAGTCTATCAGTGCCGTCTGCTGCAGGATTGGAGAGAGTAGTAAATTAAAAGTCCTCATGGCATATGCTTTCTGCTCACTCATTATAATTTACATTCATGAATAACTTATTTTGTCTTGTAGCTG
ff58450e55bc5f150d7400234601106ecf49c002,ATTAGCCGGAAACCTAGCTCACGCTGGAGCTTCTGTAGATTTAGCTATCTTCTCTCTCCACCTAGCGGGCGTATCATCCATCCTAGGGGCTATTAACTTCATTACCACCATTATTAATATAAAACCACCAGCCCTGTCTCAATATCAAACACCACTGTTCGTTTGATCCGTAATAATTACAGCAGTCCTCCTTCTCCTTTCACTACCAGTCTTAGCAGCTGGCATTACAATACTTCTAACAGACCGAAACCTGAACACAACATTCTTTGACCCTGCGGGAGGTGGAGACCCAATCCTATATCAACATCTTTTC
ff732853152b7fa8f2b6ad942cbd8441a56270ad,ATTAGCCGGAACAGGATGAACTGTATACCCCCCATTAGCCGGAAACCTAGCTCACGCTGGAGCTTCTGTAGATTTAGCTATCTTCTCTCTCCACCTAGCGGGCGTATCATCCATCCTAGGGGCTATTAACTTCATTACCACCATTATTAATATAAAACCACCAGCCCTGTCTCAATATCAAACACCACTGTTCGTTTGATCCGTAATAATTACAGCAGTCCTCCTTCTACTTTCACTACCAGTATTAGCAGCTGGCATTACAATACTTCTAACAGACCGAAACCTGAACACAACATTCTTTGACCCTGCAGGAGGTGGAGACCCAATCCTATATCAACATCTTTTC
2e46f9be10f6c3fe32646ff7213f9a80843c7e41,ATTAGCCGGAAACCTAGCTCACGCTGGAGCTTCTGTAGATTTAGCTATCTTCTCTCTCCACCTAGCGGGCGTATCATCCATCCTAGGGGCTATTAACTTCATTACCACCATTATTAATATAAAACCACCAGCCCTGTCTCAATATCAAACACCACTGTTCGTTTGATCCGTAATAATTACAGCAGTCCTCCTTCTCCTTTCACTACCAGTCTTAGCAGCTGGCATTACAATACTTCTAACAGACCGAAACCTGAACACAACATTCTTTGACCCTGCAGGAGGTGGAGACCCAATCCTATATCAACATCTTTTC
7857c0861b5605350e6f69cadc59968e05d0d17f,TAGCAGGTAACCTCGCCCACGCTGGAGCCTCTGTTGACCTCGCCATCTTCTCACTACACCTAGCTGGTGTTTCTTCTATCCTAGGTGCAATCAACTTTATTACAACAGCCATTAACATAAAACCCCCAGCCCTTTCACAATACCAAACCCCTCTATTCGTGTGATCAGTCCTAATCACCGCCATCCTACTACTACTATCACTCCCAGTACTCGCTGCAGGTATTACCATGCTCCTCACGGACCGAAATCTCAATACCACATTCTTTGATCCCGCGGGAGGAGGAGACCCCGTCCTATACCAACACCTCTTC
01204d587a3c3752f426f2f6d813c0ff2b80ec8b,TAGCCGGAAACCTAGCCCACGCCGGGCCATCCGTAGATTTAACTATCTTCTCTCTACACTTAGCCGGAGTATCTTCCATCCTCGGAGCAATTAACTTTATTACAACAGCAATCAACATAAAACCCCCAGCAATATCCCAATACCAAACACCACTATTTGTGTGATCCGTCCTAATTACAGCTGTACTTCTCCTACTATCCCTACCAGTACTAGCTGCTGGAATTACAATACTACTCACAGACCGCAACTTAAACACAACCTTCTTTGACCCCGCAGGGGGAGGAGATCCCATCCTATACCAACACCTCTTC
acebcd5c491bb273f3e4d615cafad649,NA
