First_trim_R1,nReads_R1,First_trim_R2,nReads_R2,Second_trim_R1,nReads_StR1,Second_trim_R2,nReads_StR2,NEW_OUTPUT_Fwd_1,nreadsFwd,NEW_OUTPUT_Rev_1,nreadsRev
Lib_A-ACACAC_round1.1.fastq,  176860,Lib_A-ACACAC_round1.2.fastq,  176860,Lib_A_ACACAC_mid.1.fastq,  120460,Lib_A_ACACAC_mid.2.fastq,  120460,Lib_A_ACACAC_Fwd.1.fastq,   90668,Lib_A_ACACAC_Rev.1.fastq,   27844
Lib_A-ACAGCA_round1.1.fastq,  235804,Lib_A-ACAGCA_round1.2.fastq,  235804,Lib_A_ACAGCA_mid.1.fastq,  182760,Lib_A_ACAGCA_mid.2.fastq,  182760,Lib_A_ACAGCA_Fwd.1.fastq,  133888,Lib_A_ACAGCA_Rev.1.fastq,   47380
Lib_A-ACATGT_round1.1.fastq,  243460,Lib_A-ACATGT_round1.2.fastq,  243460,Lib_A_ACATGT_mid.1.fastq,  162796,Lib_A_ACATGT_mid.2.fastq,  162796,Lib_A_ACATGT_Fwd.1.fastq,  112040,Lib_A_ACATGT_Rev.1.fastq,   48668
Lib_A-ACGACG_round1.1.fastq,  283160,Lib_A-ACGACG_round1.2.fastq,  283160,Lib_A_ACGACG_mid.1.fastq,  206592,Lib_A_ACGACG_mid.2.fastq,  206592,Lib_A_ACGACG_Fwd.1.fastq,  139668,Lib_A_ACGACG_Rev.1.fastq,   64240
Lib_A-ATATCG_round1.1.fastq,  178832,Lib_A-ATATCG_round1.2.fastq,  178832,Lib_A_ATATCG_mid.1.fastq,  127680,Lib_A_ATATCG_mid.2.fastq,  127680,Lib_A_ATATCG_Fwd.1.fastq,   95312,Lib_A_ATATCG_Rev.1.fastq,   30944
Lib_A-ATCAGT_round1.1.fastq, 2037760,Lib_A-ATCAGT_round1.2.fastq, 2037760,Lib_A_ATCAGT_mid.1.fastq, 1117152,Lib_A_ATCAGT_mid.2.fastq, 1117152,Lib_A_ATCAGT_Fwd.1.fastq,  718676,Lib_A_ATCAGT_Rev.1.fastq,  385816
Lib_A-CTCGCA_round1.1.fastq,  207636,Lib_A-CTCGCA_round1.2.fastq,  207636,Lib_A_CTCGCA_mid.1.fastq,  156988,Lib_A_CTCGCA_mid.2.fastq,  156988,Lib_A_CTCGCA_Fwd.1.fastq,  110192,Lib_A_CTCGCA_Rev.1.fastq,   45484
Lib_A-GATGAC_round1.1.fastq,  243344,Lib_A-GATGAC_round1.2.fastq,  243344,Lib_A_GATGAC_mid.1.fastq,  186264,Lib_A_GATGAC_mid.2.fastq,  186264,Lib_A_GATGAC_Fwd.1.fastq,  143668,Lib_A_GATGAC_Rev.1.fastq,   41236
Lib_A-GCAGTG_round1.1.fastq,  386216,Lib_A-GCAGTG_round1.2.fastq,  386216,Lib_A_GCAGTG_mid.1.fastq,  294104,Lib_A_GCAGTG_mid.2.fastq,  294104,Lib_A_GCAGTG_Fwd.1.fastq,  150232,Lib_A_GCAGTG_Rev.1.fastq,   95184
Lib_A-GCGCTC_round1.1.fastq,  587672,Lib_A-GCGCTC_round1.2.fastq,  587672,Lib_A_GCGCTC_mid.1.fastq,  487028,Lib_A_GCGCTC_mid.2.fastq,  487028,Lib_A_GCGCTC_Fwd.1.fastq,  326272,Lib_A_GCGCTC_Rev.1.fastq,  156284
Lib_A-GTCTCT_round1.1.fastq,  286972,Lib_A-GTCTCT_round1.2.fastq,  286972,Lib_A_GTCTCT_mid.1.fastq,  146380,Lib_A_GTCTCT_mid.2.fastq,  146380,Lib_A_GTCTCT_Fwd.1.fastq,   96756,Lib_A_GTCTCT_Rev.1.fastq,   48240
Lib_A-TCGCAT_round1.1.fastq,  381776,Lib_A-TCGCAT_round1.2.fastq,  381776,Lib_A_TCGCAT_mid.1.fastq,  293064,Lib_A_TCGCAT_mid.2.fastq,  293064,Lib_A_TCGCAT_Fwd.1.fastq,  200596,Lib_A_TCGCAT_Rev.1.fastq,   89692
Lib_A-TCGTCA_round1.1.fastq,  130672,Lib_A-TCGTCA_round1.2.fastq,  130672,Lib_A_TCGTCA_mid.1.fastq,   85808,Lib_A_TCGTCA_mid.2.fastq,   85808,Lib_A_TCGTCA_Fwd.1.fastq,   65980,Lib_A_TCGTCA_Rev.1.fastq,   18744
Lib_A-TGTATG_round1.1.fastq,  148988,Lib_A-TGTATG_round1.2.fastq,  148988,Lib_A_TGTATG_mid.1.fastq,  104228,Lib_A_TGTATG_mid.2.fastq,  104228,Lib_A_TGTATG_Fwd.1.fastq,   76408,Lib_A_TGTATG_Rev.1.fastq,   26860
Lib_B-ACACAC_round1.1.fastq,  312500,Lib_B-ACACAC_round1.2.fastq,  312500,Lib_B_ACACAC_mid.1.fastq,  203124,Lib_B_ACACAC_mid.2.fastq,  203124,Lib_B_ACACAC_Fwd.1.fastq,  164260,Lib_B_ACACAC_Rev.1.fastq,   37248
Lib_B-ACAGCA_round1.1.fastq,  317256,Lib_B-ACAGCA_round1.2.fastq,  317256,Lib_B_ACAGCA_mid.1.fastq,  165012,Lib_B_ACAGCA_mid.2.fastq,  165012,Lib_B_ACAGCA_Fwd.1.fastq,  127188,Lib_B_ACAGCA_Rev.1.fastq,   36400
Lib_B-ACATGT_round1.1.fastq,  243444,Lib_B-ACATGT_round1.2.fastq,  243444,Lib_B_ACATGT_mid.1.fastq,  164564,Lib_B_ACATGT_mid.2.fastq,  164564,Lib_B_ACATGT_Fwd.1.fastq,  123548,Lib_B_ACATGT_Rev.1.fastq,   39648
Lib_B-ACGACG_round1.1.fastq,  335816,Lib_B-ACGACG_round1.2.fastq,  335816,Lib_B_ACGACG_mid.1.fastq,  244000,Lib_B_ACGACG_mid.2.fastq,  244000,Lib_B_ACGACG_Fwd.1.fastq,  179840,Lib_B_ACGACG_Rev.1.fastq,   61912
Lib_B-ATATCG_round1.1.fastq,  234936,Lib_B-ATATCG_round1.2.fastq,  234936,Lib_B_ATATCG_mid.1.fastq,  167876,Lib_B_ATATCG_mid.2.fastq,  167876,Lib_B_ATATCG_Fwd.1.fastq,  130868,Lib_B_ATATCG_Rev.1.fastq,   35316
Lib_B-ATCAGT_round1.1.fastq,  235432,Lib_B-ATCAGT_round1.2.fastq,  235432,Lib_B_ATCAGT_mid.1.fastq,  159096,Lib_B_ATCAGT_mid.2.fastq,  159096,Lib_B_ATCAGT_Fwd.1.fastq,  115844,Lib_B_ATCAGT_Rev.1.fastq,   41716
Lib_B-CTCGCA_round1.1.fastq,  959440,Lib_B-CTCGCA_round1.2.fastq,  959440,Lib_B_CTCGCA_mid.1.fastq,  731360,Lib_B_CTCGCA_mid.2.fastq,  731360,Lib_B_CTCGCA_Fwd.1.fastq,  557320,Lib_B_CTCGCA_Rev.1.fastq,  168324
Lib_B-GATGAC_round1.1.fastq,  468256,Lib_B-GATGAC_round1.2.fastq,  468256,Lib_B_GATGAC_mid.1.fastq,  344484,Lib_B_GATGAC_mid.2.fastq,  344484,Lib_B_GATGAC_Fwd.1.fastq,  282572,Lib_B_GATGAC_Rev.1.fastq,   59004
Lib_B-GCAGTG_round1.1.fastq,  262052,Lib_B-GCAGTG_round1.2.fastq,  262052,Lib_B_GCAGTG_mid.1.fastq,  191400,Lib_B_GCAGTG_mid.2.fastq,  191400,Lib_B_GCAGTG_Fwd.1.fastq,  103628,Lib_B_GCAGTG_Rev.1.fastq,   53256
Lib_B-GCGCTC_round1.1.fastq,  123236,Lib_B-GCGCTC_round1.2.fastq,  123236,Lib_B_GCGCTC_mid.1.fastq,   91640,Lib_B_GCGCTC_mid.2.fastq,   91640,Lib_B_GCGCTC_Fwd.1.fastq,   69176,Lib_B_GCGCTC_Rev.1.fastq,   21728
Lib_B-GTCTCT_round1.1.fastq,  321236,Lib_B-GTCTCT_round1.2.fastq,  321236,Lib_B_GTCTCT_mid.1.fastq,  185828,Lib_B_GTCTCT_mid.2.fastq,  185828,Lib_B_GTCTCT_Fwd.1.fastq,  136636,Lib_B_GTCTCT_Rev.1.fastq,   47600
Lib_B-TCGCAT_round1.1.fastq,  298272,Lib_B-TCGCAT_round1.2.fastq,  298272,Lib_B_TCGCAT_mid.1.fastq,  190784,Lib_B_TCGCAT_mid.2.fastq,  190784,Lib_B_TCGCAT_Fwd.1.fastq,  144160,Lib_B_TCGCAT_Rev.1.fastq,   44840
Lib_B-TCGTCA_round1.1.fastq,  372436,Lib_B-TCGTCA_round1.2.fastq,  372436,Lib_B_TCGTCA_mid.1.fastq,  190716,Lib_B_TCGTCA_mid.2.fastq,  190716,Lib_B_TCGTCA_Fwd.1.fastq,  154392,Lib_B_TCGTCA_Rev.1.fastq,   34680
Lib_B-TGTATG_round1.1.fastq,  285844,Lib_B-TGTATG_round1.2.fastq,  285844,Lib_B_TGTATG_mid.1.fastq,  197576,Lib_B_TGTATG_mid.2.fastq,  197576,Lib_B_TGTATG_Fwd.1.fastq,  153344,Lib_B_TGTATG_Rev.1.fastq,   42176
Lib_C-ACACAC_round1.1.fastq,  175808,Lib_C-ACACAC_round1.2.fastq,  175808,Lib_C_ACACAC_mid.1.fastq,  113968,Lib_C_ACACAC_mid.2.fastq,  113968,Lib_C_ACACAC_Fwd.1.fastq,   87432,Lib_C_ACACAC_Rev.1.fastq,   25600
Lib_C-ACAGCA_round1.1.fastq,  178680,Lib_C-ACAGCA_round1.2.fastq,  178680,Lib_C_ACAGCA_mid.1.fastq,  129924,Lib_C_ACAGCA_mid.2.fastq,  129924,Lib_C_ACAGCA_Fwd.1.fastq,   98812,Lib_C_ACAGCA_Rev.1.fastq,   30044
Lib_C-ACATGT_round1.1.fastq,  116120,Lib_C-ACATGT_round1.2.fastq,  116120,Lib_C_ACATGT_mid.1.fastq,   81852,Lib_C_ACATGT_mid.2.fastq,   81852,Lib_C_ACATGT_Fwd.1.fastq,   57432,Lib_C_ACATGT_Rev.1.fastq,   23364
Lib_C-ACGACG_round1.1.fastq,  247864,Lib_C-ACGACG_round1.2.fastq,  247864,Lib_C_ACGACG_mid.1.fastq,  182560,Lib_C_ACGACG_mid.2.fastq,  182560,Lib_C_ACGACG_Fwd.1.fastq,  126288,Lib_C_ACGACG_Rev.1.fastq,   54788
Lib_C-ATATCG_round1.1.fastq,  243116,Lib_C-ATATCG_round1.2.fastq,  243116,Lib_C_ATATCG_mid.1.fastq,  183672,Lib_C_ATATCG_mid.2.fastq,  183672,Lib_C_ATATCG_Fwd.1.fastq,  138732,Lib_C_ATATCG_Rev.1.fastq,   43388
Lib_C-ATCAGT_round1.1.fastq,  353876,Lib_C-ATCAGT_round1.2.fastq,  353876,Lib_C_ATCAGT_mid.1.fastq,  243524,Lib_C_ATCAGT_mid.2.fastq,  243524,Lib_C_ATCAGT_Fwd.1.fastq,  164040,Lib_C_ATCAGT_Rev.1.fastq,   77284
Lib_C-CTCGCA_round1.1.fastq,    3884,Lib_C-CTCGCA_round1.2.fastq,    3884,Lib_C_CTCGCA_mid.1.fastq,    2008,Lib_C_CTCGCA_mid.2.fastq,    2008,Lib_C_CTCGCA_Fwd.1.fastq,    1388,Lib_C_CTCGCA_Rev.1.fastq,     556
Lib_C-GATGAC_round1.1.fastq,  185024,Lib_C-GATGAC_round1.2.fastq,  185024,Lib_C_GATGAC_mid.1.fastq,  142536,Lib_C_GATGAC_mid.2.fastq,  142536,Lib_C_GATGAC_Fwd.1.fastq,  111232,Lib_C_GATGAC_Rev.1.fastq,   29812
Lib_C-GCAGTG_round1.1.fastq,  262060,Lib_C-GCAGTG_round1.2.fastq,  262060,Lib_C_GCAGTG_mid.1.fastq,  208112,Lib_C_GCAGTG_mid.2.fastq,  208112,Lib_C_GCAGTG_Fwd.1.fastq,  103372,Lib_C_GCAGTG_Rev.1.fastq,   64964
Lib_C-GCGCTC_round1.1.fastq,  244468,Lib_C-GCGCTC_round1.2.fastq,  244468,Lib_C_GCGCTC_mid.1.fastq,  186804,Lib_C_GCGCTC_mid.2.fastq,  186804,Lib_C_GCGCTC_Fwd.1.fastq,  135632,Lib_C_GCGCTC_Rev.1.fastq,   49916
Lib_C-GTCTCT_round1.1.fastq,  789048,Lib_C-GTCTCT_round1.2.fastq,  789048,Lib_C_GTCTCT_mid.1.fastq,  549548,Lib_C_GTCTCT_mid.2.fastq,  549548,Lib_C_GTCTCT_Fwd.1.fastq,  376024,Lib_C_GTCTCT_Rev.1.fastq,  170712
Lib_C-TCGCAT_round1.1.fastq,  174404,Lib_C-TCGCAT_round1.2.fastq,  174404,Lib_C_TCGCAT_mid.1.fastq,  127140,Lib_C_TCGCAT_mid.2.fastq,  127140,Lib_C_TCGCAT_Fwd.1.fastq,   92200,Lib_C_TCGCAT_Rev.1.fastq,   33840
Lib_C-TCGTCA_round1.1.fastq,   75644,Lib_C-TCGTCA_round1.2.fastq,   75644,Lib_C_TCGTCA_mid.1.fastq,   51632,Lib_C_TCGTCA_mid.2.fastq,   51632,Lib_C_TCGTCA_Fwd.1.fastq,   40880,Lib_C_TCGTCA_Rev.1.fastq,   10176
Lib_C-TGTATG_round1.1.fastq,  325852,Lib_C-TGTATG_round1.2.fastq,  325852,Lib_C_TGTATG_mid.1.fastq,  231376,Lib_C_TGTATG_mid.2.fastq,  231376,Lib_C_TGTATG_Fwd.1.fastq,  170252,Lib_C_TGTATG_Rev.1.fastq,   58504
Lib_D-ACACAC_round1.1.fastq,  272144,Lib_D-ACACAC_round1.2.fastq,  272144,Lib_D_ACACAC_mid.1.fastq,  182884,Lib_D_ACACAC_mid.2.fastq,  182884,Lib_D_ACACAC_Fwd.1.fastq,  134052,Lib_D_ACACAC_Rev.1.fastq,   47364
Lib_D-ACAGCA_round1.1.fastq,   89292,Lib_D-ACAGCA_round1.2.fastq,   89292,Lib_D_ACAGCA_mid.1.fastq,   63428,Lib_D_ACAGCA_mid.2.fastq,   63428,Lib_D_ACAGCA_Fwd.1.fastq,   46072,Lib_D_ACAGCA_Rev.1.fastq,   16752
Lib_D-ACATGT_round1.1.fastq,  295036,Lib_D-ACATGT_round1.2.fastq,  295036,Lib_D_ACATGT_mid.1.fastq,  209848,Lib_D_ACATGT_mid.2.fastq,  209848,Lib_D_ACATGT_Fwd.1.fastq,  138444,Lib_D_ACATGT_Rev.1.fastq,   69096
Lib_D-ACGACG_round1.1.fastq,  297524,Lib_D-ACGACG_round1.2.fastq,  297524,Lib_D_ACGACG_mid.1.fastq,  219924,Lib_D_ACGACG_mid.2.fastq,  219924,Lib_D_ACGACG_Fwd.1.fastq,  145724,Lib_D_ACGACG_Rev.1.fastq,   72532
Lib_D-ATATCG_round1.1.fastq,  415012,Lib_D-ATATCG_round1.2.fastq,  415012,Lib_D_ATATCG_mid.1.fastq,  302952,Lib_D_ATATCG_mid.2.fastq,  302952,Lib_D_ATATCG_Fwd.1.fastq,  214416,Lib_D_ATATCG_Rev.1.fastq,   85200
Lib_D-ATCAGT_round1.1.fastq,  240856,Lib_D-ATCAGT_round1.2.fastq,  240856,Lib_D_ATCAGT_mid.1.fastq,  171000,Lib_D_ATCAGT_mid.2.fastq,  171000,Lib_D_ATCAGT_Fwd.1.fastq,  108168,Lib_D_ATCAGT_Rev.1.fastq,   61284
Lib_D-CTCGCA_round1.1.fastq,  760760,Lib_D-CTCGCA_round1.2.fastq,  760760,Lib_D_CTCGCA_mid.1.fastq,  585800,Lib_D_CTCGCA_mid.2.fastq,  585800,Lib_D_CTCGCA_Fwd.1.fastq,  399616,Lib_D_CTCGCA_Rev.1.fastq,  181540
Lib_D-GATGAC_round1.1.fastq,  325716,Lib_D-GATGAC_round1.2.fastq,  325716,Lib_D_GATGAC_mid.1.fastq,  256216,Lib_D_GATGAC_mid.2.fastq,  256216,Lib_D_GATGAC_Fwd.1.fastq,  190908,Lib_D_GATGAC_Rev.1.fastq,   63620
Lib_D-GCAGTG_round1.1.fastq,  660788,Lib_D-GCAGTG_round1.2.fastq,  660788,Lib_D_GCAGTG_mid.1.fastq,  518360,Lib_D_GCAGTG_mid.2.fastq,  518360,Lib_D_GCAGTG_Fwd.1.fastq,  250988,Lib_D_GCAGTG_Rev.1.fastq,  187800
Lib_D-GCGCTC_round1.1.fastq,  342396,Lib_D-GCGCTC_round1.2.fastq,  342396,Lib_D_GCGCTC_mid.1.fastq,  269288,Lib_D_GCGCTC_mid.2.fastq,  269288,Lib_D_GCGCTC_Fwd.1.fastq,  183072,Lib_D_GCGCTC_Rev.1.fastq,   84336
Lib_D-GTCTCT_round1.1.fastq,  926716,Lib_D-GTCTCT_round1.2.fastq,  926716,Lib_D_GTCTCT_mid.1.fastq,  751876,Lib_D_GTCTCT_mid.2.fastq,  751876,Lib_D_GTCTCT_Fwd.1.fastq,  491520,Lib_D_GTCTCT_Rev.1.fastq,  256496
Lib_D-TCGCAT_round1.1.fastq,  287236,Lib_D-TCGCAT_round1.2.fastq,  287236,Lib_D_TCGCAT_mid.1.fastq,  198556,Lib_D_TCGCAT_mid.2.fastq,  198556,Lib_D_TCGCAT_Fwd.1.fastq,  134944,Lib_D_TCGCAT_Rev.1.fastq,   61776
Lib_D-TCGTCA_round1.1.fastq,  331132,Lib_D-TCGTCA_round1.2.fastq,  331132,Lib_D_TCGTCA_mid.1.fastq,  246096,Lib_D_TCGTCA_mid.2.fastq,  246096,Lib_D_TCGTCA_Fwd.1.fastq,  185368,Lib_D_TCGTCA_Rev.1.fastq,   58672
Lib_D-TGTATG_round1.1.fastq,  308692,Lib_D-TGTATG_round1.2.fastq,  308692,Lib_D_TGTATG_mid.1.fastq,   46076,Lib_D_TGTATG_mid.2.fastq,   46076,Lib_D_TGTATG_Fwd.1.fastq,   28608,Lib_D_TGTATG_Rev.1.fastq,   16632
Lib_E-ACACAC_round1.1.fastq,   95464,Lib_E-ACACAC_round1.2.fastq,   95464,Lib_E_ACACAC_mid.1.fastq,   55580,Lib_E_ACACAC_mid.2.fastq,   55580,Lib_E_ACACAC_Fwd.1.fastq,   42568,Lib_E_ACACAC_Rev.1.fastq,   12432
Lib_E-ACAGCA_round1.1.fastq,  149720,Lib_E-ACAGCA_round1.2.fastq,  149720,Lib_E_ACAGCA_mid.1.fastq,  110136,Lib_E_ACAGCA_mid.2.fastq,  110136,Lib_E_ACAGCA_Fwd.1.fastq,   82292,Lib_E_ACAGCA_Rev.1.fastq,   26384
Lib_E-ACATGT_round1.1.fastq,  143952,Lib_E-ACATGT_round1.2.fastq,  143952,Lib_E_ACATGT_mid.1.fastq,  101744,Lib_E_ACATGT_mid.2.fastq,  101744,Lib_E_ACATGT_Fwd.1.fastq,   70628,Lib_E_ACATGT_Rev.1.fastq,   29672
Lib_E-ACGACG_round1.1.fastq,  221876,Lib_E-ACGACG_round1.2.fastq,  221876,Lib_E_ACGACG_mid.1.fastq,  168264,Lib_E_ACGACG_mid.2.fastq,  168264,Lib_E_ACGACG_Fwd.1.fastq,  116700,Lib_E_ACGACG_Rev.1.fastq,   50316
Lib_E-ATATCG_round1.1.fastq,  116308,Lib_E-ATATCG_round1.2.fastq,  116308,Lib_E_ATATCG_mid.1.fastq,   85100,Lib_E_ATATCG_mid.2.fastq,   85100,Lib_E_ATATCG_Fwd.1.fastq,   62380,Lib_E_ATATCG_Rev.1.fastq,   21348
Lib_E-ATCAGT_round1.1.fastq,  128776,Lib_E-ATCAGT_round1.2.fastq,  128776,Lib_E_ATCAGT_mid.1.fastq,   87252,Lib_E_ATCAGT_mid.2.fastq,   87252,Lib_E_ATCAGT_Fwd.1.fastq,   59480,Lib_E_ATCAGT_Rev.1.fastq,   27112
Lib_E-CTCGCA_round1.1.fastq,  233712,Lib_E-CTCGCA_round1.2.fastq,  233712,Lib_E_CTCGCA_mid.1.fastq,  185176,Lib_E_CTCGCA_mid.2.fastq,  185176,Lib_E_CTCGCA_Fwd.1.fastq,  130120,Lib_E_CTCGCA_Rev.1.fastq,   53240
Lib_E-GATGAC_round1.1.fastq,  344068,Lib_E-GATGAC_round1.2.fastq,  344068,Lib_E_GATGAC_mid.1.fastq,  259588,Lib_E_GATGAC_mid.2.fastq,  259588,Lib_E_GATGAC_Fwd.1.fastq,  202744,Lib_E_GATGAC_Rev.1.fastq,   54648
Lib_E-GCAGTG_round1.1.fastq,  220008,Lib_E-GCAGTG_round1.2.fastq,  220008,Lib_E_GCAGTG_mid.1.fastq,  170720,Lib_E_GCAGTG_mid.2.fastq,  170720,Lib_E_GCAGTG_Fwd.1.fastq,   91532,Lib_E_GCAGTG_Rev.1.fastq,   54408
Lib_E-GCGCTC_round1.1.fastq,  165460,Lib_E-GCGCTC_round1.2.fastq,  165460,Lib_E_GCGCTC_mid.1.fastq,  128416,Lib_E_GCGCTC_mid.2.fastq,  128416,Lib_E_GCGCTC_Fwd.1.fastq,   91536,Lib_E_GCGCTC_Rev.1.fastq,   35752
Lib_E-GTCTCT_round1.1.fastq,  913392,Lib_E-GTCTCT_round1.2.fastq,  913392,Lib_E_GTCTCT_mid.1.fastq,  695008,Lib_E_GTCTCT_mid.2.fastq,  695008,Lib_E_GTCTCT_Fwd.1.fastq,  479228,Lib_E_GTCTCT_Rev.1.fastq,  209028
Lib_E-TCGCAT_round1.1.fastq,   96940,Lib_E-TCGCAT_round1.2.fastq,   96940,Lib_E_TCGCAT_mid.1.fastq,   64980,Lib_E_TCGCAT_mid.2.fastq,   64980,Lib_E_TCGCAT_Fwd.1.fastq,   45720,Lib_E_TCGCAT_Rev.1.fastq,   18752
Lib_E-TCGTCA_round1.1.fastq,  170712,Lib_E-TCGTCA_round1.2.fastq,  170712,Lib_E_TCGTCA_mid.1.fastq,  127460,Lib_E_TCGTCA_mid.2.fastq,  127460,Lib_E_TCGTCA_Fwd.1.fastq,   98296,Lib_E_TCGTCA_Rev.1.fastq,   28228
Lib_E-TGTATG_round1.1.fastq,  169208,Lib_E-TGTATG_round1.2.fastq,  169208,Lib_E_TGTATG_mid.1.fastq,  125056,Lib_E_TGTATG_mid.2.fastq,  125056,Lib_E_TGTATG_Fwd.1.fastq,   91600,Lib_E_TGTATG_Rev.1.fastq,   32032
Lib_F-ACACAC_round1.1.fastq,  358936,Lib_F-ACACAC_round1.2.fastq,  358936,Lib_F_ACACAC_mid.1.fastq,  251780,Lib_F_ACACAC_mid.2.fastq,  251780,Lib_F_ACACAC_Fwd.1.fastq,  189372,Lib_F_ACACAC_Rev.1.fastq,   59764
Lib_F-ACAGCA_round1.1.fastq,  501860,Lib_F-ACAGCA_round1.2.fastq,  501860,Lib_F_ACAGCA_mid.1.fastq,  370760,Lib_F_ACAGCA_mid.2.fastq,  370760,Lib_F_ACAGCA_Fwd.1.fastq,  271492,Lib_F_ACAGCA_Rev.1.fastq,   95596
Lib_F-ACATGT_round1.1.fastq,  239488,Lib_F-ACATGT_round1.2.fastq,  239488,Lib_F_ACATGT_mid.1.fastq,  156172,Lib_F_ACATGT_mid.2.fastq,  156172,Lib_F_ACATGT_Fwd.1.fastq,  105272,Lib_F_ACATGT_Rev.1.fastq,   49256
Lib_F-ACGACG_round1.1.fastq,  548756,Lib_F-ACGACG_round1.2.fastq,  548756,Lib_F_ACGACG_mid.1.fastq,  449260,Lib_F_ACGACG_mid.2.fastq,  449260,Lib_F_ACGACG_Fwd.1.fastq,  294296,Lib_F_ACGACG_Rev.1.fastq,  151316
Lib_F-ATATCG_round1.1.fastq,  358384,Lib_F-ATATCG_round1.2.fastq,  358384,Lib_F_ATATCG_mid.1.fastq,  262708,Lib_F_ATATCG_mid.2.fastq,  262708,Lib_F_ATATCG_Fwd.1.fastq,  189628,Lib_F_ATATCG_Rev.1.fastq,   69852
Lib_F-ATCAGT_round1.1.fastq,  405252,Lib_F-ATCAGT_round1.2.fastq,  405252,Lib_F_ATCAGT_mid.1.fastq,  291924,Lib_F_ATCAGT_mid.2.fastq,  291924,Lib_F_ATCAGT_Fwd.1.fastq,  191024,Lib_F_ATCAGT_Rev.1.fastq,   98340
Lib_F-CTCGCA_round1.1.fastq,  651568,Lib_F-CTCGCA_round1.2.fastq,  651568,Lib_F_CTCGCA_mid.1.fastq,  540656,Lib_F_CTCGCA_mid.2.fastq,  540656,Lib_F_CTCGCA_Fwd.1.fastq,  371928,Lib_F_CTCGCA_Rev.1.fastq,  164152
Lib_F-GATGAC_round1.1.fastq,  411212,Lib_F-GATGAC_round1.2.fastq,  411212,Lib_F_GATGAC_mid.1.fastq,  322988,Lib_F_GATGAC_mid.2.fastq,  322988,Lib_F_GATGAC_Fwd.1.fastq,  245844,Lib_F_GATGAC_Rev.1.fastq,   74568
Lib_F-GCAGTG_round1.1.fastq,  978900,Lib_F-GCAGTG_round1.2.fastq,  978900,Lib_F_GCAGTG_mid.1.fastq,  760580,Lib_F_GCAGTG_mid.2.fastq,  760580,Lib_F_GCAGTG_Fwd.1.fastq,  367272,Lib_F_GCAGTG_Rev.1.fastq,  268728
Lib_F-GCGCTC_round1.1.fastq,  643040,Lib_F-GCGCTC_round1.2.fastq,  643040,Lib_F_GCGCTC_mid.1.fastq,  469896,Lib_F_GCGCTC_mid.2.fastq,  469896,Lib_F_GCGCTC_Fwd.1.fastq,  325112,Lib_F_GCGCTC_Rev.1.fastq,  140960
Lib_F-GTCTCT_round1.1.fastq, 1105736,Lib_F-GTCTCT_round1.2.fastq, 1105736,Lib_F_GTCTCT_mid.1.fastq,  814596,Lib_F_GTCTCT_mid.2.fastq,  814596,Lib_F_GTCTCT_Fwd.1.fastq,  553424,Lib_F_GTCTCT_Rev.1.fastq,  252044
Lib_F-TCGCAT_round1.1.fastq,   49464,Lib_F-TCGCAT_round1.2.fastq,   49464,Lib_F_TCGCAT_mid.1.fastq,   30936,Lib_F_TCGCAT_mid.2.fastq,   30936,Lib_F_TCGCAT_Fwd.1.fastq,   20928,Lib_F_TCGCAT_Rev.1.fastq,    9568
Lib_F-TCGTCA_round1.1.fastq,  419816,Lib_F-TCGTCA_round1.2.fastq,  419816,Lib_F_TCGTCA_mid.1.fastq,  305028,Lib_F_TCGTCA_mid.2.fastq,  305028,Lib_F_TCGTCA_Fwd.1.fastq,  233736,Lib_F_TCGTCA_Rev.1.fastq,   68380
Lib_F-TGTATG_round1.1.fastq,  341740,Lib_F-TGTATG_round1.2.fastq,  341740,Lib_F_TGTATG_mid.1.fastq,  251356,Lib_F_TGTATG_mid.2.fastq,  251356,Lib_F_TGTATG_Fwd.1.fastq,  177820,Lib_F_TGTATG_Rev.1.fastq,   70340
